{
"type": "FeatureCollection",
"name": "region",
"crs": { "type": "name", "properties": { "name": "urn:ogc:def:crs:OGC:1.3:CRS84" } },
"features": [
{"type":"Feature","properties":{},"geometry":{"type":"Polygon","coordinates":[[[-116.637257570810306,32.579333375168183],[-116.760644777999687,32.570559268324189],[-116.880176134964401,32.563509084016118],[-116.995851641704434,32.558182822243978],[-117.107671298219799,32.55458048300774],[-117.215635104510511,32.552702066307432],[-117.319743060576542,32.552547572143034],[-117.41999516641792,32.554117000514566],[-117.516391422034616,32.557410351422014],[-117.60893182742663,32.562427624865379],[-117.697616382593992,32.569168820844666],[-117.782445087536701,32.57763393935987],[-117.863417942254728,32.587822980410991],[-117.940534946748073,32.599735943998041],[-118.013796101016766,32.613372830121001],[-118.083201405060805,32.628733638779877],[-118.148750858880163,32.645818369974684],[-118.21044446247484,32.6646270237054],[-118.268282215844863,32.685159599972039],[-118.322264118990219,32.707416098774601],[-118.372390171910894,32.73139652011308],[-118.418660374606915,32.757100863987475],[-118.461074727078255,32.784529130397793],[-118.499633229324928,32.813681319344028],[-118.534335881346948,32.844557430826185],[-118.565182683144286,32.877157464844259],[-118.592173634716957,32.91148142139825],[-118.615308736064975,32.947529300488164],[-118.634587987188311,32.985301102113993],[-118.650011388086995,33.024796826275747],[-118.661578938760996,33.066016472973416],[-118.669290639210331,33.108960042207002],[-118.673146489434998,33.153627533976511],[-118.673146489434998,33.200018948281944],[-118.675317073163413,33.24549117672607],[-118.679658240620228,33.290044219308896],[-118.686169991805457,33.333678076030424],[-118.694852326719129,33.376392746890652],[-118.705705245361187,33.41818823188958],[-118.71872874773166,33.459064531027202],[-118.733922833830533,33.499021644303532],[-118.751287503657835,33.538059571718563],[-118.770822757213551,33.576178313272287],[-118.792528594497668,33.613377868964719],[-118.816405015510213,33.649658238795844],[-118.84245202025113,33.68501942276567],[-118.87066960872049,33.719461420874197],[-118.901057780918279,33.752984233121424],[-118.933616536844454,33.785587859507352],[-118.968345876499043,33.817272300031973],[-119.005245799882061,33.848037554695303],[-119.044316306993466,33.877883623497326],[-119.085557397833298,33.906810506438049],[-119.128969072401532,33.93481820351748],[-119.174551330698193,33.961906714735605],[-119.22230417272327,33.988076040092423],[-119.272227598476746,34.013326179587949],[-119.324321607958638,34.037657133222183],[-119.378586201168943,34.06106890099511],[-119.435021378107649,34.083561482906731],[-119.493627138774769,34.105134878957053],[-119.554403483170319,34.125789089146082],[-119.617350411294268,34.145524113473805],[-119.682467923146646,34.164339951940228],[-119.74975601872741,34.182236604545352],[-119.819214698036603,34.19921407128917],[-119.887218111593839,34.217314208450432],[-119.953766259399117,34.236537016029118],[-120.018859141452452,34.256882494025248],[-120.082496757753816,34.278350642438809],[-120.144679108303222,34.300941461269801],[-120.205406193100686,34.324654950518237],[-120.264678012146192,34.349491110184097],[-120.32249456543974,34.375449940267394],[-120.378855852981332,34.402531440768129],[-120.433761874770966,34.430735611686288],[-120.487212630808656,34.460062453021891],[-120.539208121094362,34.490511964774932],[-120.589748345628152,34.522084146945403],[-120.638833304409971,34.554778999533305],[-120.686462997439833,34.588596522538644],[-120.732637424717751,34.623536715961414],[-120.777356586243698,34.659599579801622],[-120.820620482017702,34.696785114059253],[-120.862429112039749,34.735093318734329],[-120.902782476309838,34.774524193826849],[-120.94168057482797,34.815077739336793],[-120.979123407594145,34.856753955264168],[-121.015110974608376,34.89955284160898],[-121.04964327587065,34.943474398371229],[-121.082720311380967,34.98851862555091],[-121.114342081139313,35.034685523148028],[-121.144508585145729,35.081975091162576],[-121.17321982340016,35.130387329594562],[-121.200475795902662,35.179922238443979],[-121.226276502653207,35.230579817710826],[-121.250621943651794,35.282360067395118],[-121.273512118898452,35.335262987496833],[-121.296397704048019,35.386301451608148],[-121.319278699100494,35.435475459729062],[-121.342155104055905,35.482785011859562],[-121.365026918914253,35.528230107999647],[-121.387894143675538,35.571810748149339],[-121.410756778339731,35.613526932308623],[-121.433614822906861,35.6533786604775],[-121.456468277376928,35.691365932655984],[-121.479317141749931,35.727488748844046],[-121.502161416025814,35.7617471090417],[-121.525001100204662,35.794141013248947],[-121.547836194286447,35.8246704614658],[-121.57066669827114,35.853335453692239],[-121.593492612158769,35.880135989928263],[-121.616313935949321,35.905072070173887],[-121.63913066964281,35.92814369442911],[-121.661942813239222,35.949350862693919],[-121.684750366738555,35.968693574968327],[-121.707553330140826,35.986171831252328],[-121.730351703446033,36.001785631545921],[-121.753145486654162,36.015534975849107],[-121.7759346797652,36.027419864161885],[-121.798719282779189,36.037440296484263],[-121.8214992956961,36.045596272816226],[-121.844274718515933,36.051887793157789],[-121.867045551238704,36.056314857508951],[-121.889811793864396,36.058877465869699],[-121.912573446393012,36.059575618240032],[-121.935330508824563,36.058409314619972],[-121.958082981159052,36.055378555009504],[-121.980830863396449,36.050483339408629],[-122.003574155536768,36.043723667817346],[-122.025960276743618,36.038875242074127],[-122.047989227016984,36.035938062178957],[-122.069661006356881,36.034912128131865],[-122.090975614763281,36.035797439932821],[-122.111933052236196,36.038593997581849],[-122.132533318775643,36.043301801078925],[-122.152776414381592,36.049920850424066],[-122.172662339054071,36.058451145617276],[-122.192191092793067,36.068892686658543],[-122.211362675598565,36.081245473547867],[-122.230177087470594,36.095509506285254],[-122.248634328409139,36.11168478487069],[-122.266734398414201,36.129771309304203],[-122.284477297485751,36.149769079585766],[-122.301863025623859,36.171678095715393],[-122.318891582828485,36.195498357693083],[-122.335562969099612,36.221229865518822],[-122.351877184437271,36.248872619192639],[-122.367834228841431,36.278426618714505],[-122.383434102312108,36.309891864084449],[-122.398676804849302,36.343268355302442],[-122.413562336453026,36.378556092368491],[-122.428090697123253,36.415755075282604],[-122.442261886859995,36.454865304044787],[-122.456075905663269,36.49588677865502],[-122.469532753533059,36.538819499113316],[-122.482632430469351,36.583663465419676],[-122.495374936472174,36.630418677574092],[-122.507760271541514,36.679085135576571],[-122.519788435677356,36.729662839427114],[-122.531459428879728,36.782151789125713],[-122.542773251148617,36.836551984672361],[-122.554786567024223,36.889509389500105],[-122.567499376506518,36.941024003608931],[-122.580911679595516,36.991095826998837],[-122.595023476291203,37.039724859669832],[-122.609834766593622,37.086911101621901],[-122.625345550502743,37.132654552855051],[-122.641555828018568,37.176955213369283],[-122.658465599141124,37.21981308316461],[-122.676074863870369,37.261228162241004],[-122.694383622206317,37.301200450598486],[-122.713391874148954,37.339729948237043],[-122.733099619698294,37.376816655156688],[-122.753506858854351,37.412460571357414],[-122.774613591617111,37.446661696839222],[-122.796419817986589,37.47942003160211],[-122.81892553796277,37.510735575646088],[-122.842130751545653,37.540608328971139],[-122.866035458735212,37.569038291577272],[-122.890639659531502,37.596025463464493],[-122.915943353934523,37.621569844632795],[-122.941946541944219,37.645671435082178],[-122.968649223560618,37.668330234812636],[-122.99605139878372,37.689546243824182],[-123.024153067613554,37.70931946211681],[-123.052954230050076,37.727649889690518],[-123.082454886093302,37.744537526545315],[-123.112655035743245,37.759982372681186],[-123.143554678999877,37.773984428098139],[-123.175153815863212,37.786543692796172],[-123.207452446333264,37.797660166775294],[-123.240450570410019,37.807333850035491],[-123.274148188093477,37.815564742576775],[-123.306792755224336,37.825280681299375],[-123.338384271802568,37.836481666203284],[-123.3689227378282,37.849167697288514],[-123.398408153301233,37.863338774555061],[-123.426840518221653,37.878994898002922],[-123.454219832589445,37.896136067632092],[-123.480546096404652,37.914762283442585],[-123.50581930966726,37.934873545434399],[-123.53003947237724,37.956469853607523],[-123.553206584534621,37.979551207961954],[-123.575320646139403,38.004117608497708],[-123.596381657191543,38.030169055214785],[-123.616389617691098,38.057705548113169],[-123.635344527638068,38.086727087192862],[-123.653246387032397,38.117233672453878],[-123.67009519587414,38.149225303896216],[-123.68589095416327,38.182701981519862],[-123.700633661899786,38.217663705324817],[-123.71432331908369,38.254110475311094],[-123.726959925714979,38.292042291478694],[-123.73854348179367,38.331459153827609],[-123.749073987319761,38.372361062357825],[-123.758551442293225,38.414748017069371],[-123.766975846714075,38.458620017962225],[-123.774347200582326,38.503977065036395],[-123.780665503897978,38.550819158291887],[-123.785930756661031,38.599146297728694],[-123.790142958871456,38.648958483346803],[-123.793302110529282,38.700255715146241],[-123.795408211634509,38.753037993126995],[-123.796461262187108,38.807305317289064],[-123.796461262187108,38.863057687632434],[-123.797986728505848,38.918914947145701],[-123.80103766114334,38.974877095828859],[-123.805614060099572,39.030944133681892],[-123.811715925374514,39.087116060704815],[-123.819343256968224,39.143392876897622],[-123.828496054880674,39.199774582260311],[-123.839174319111876,39.25626117679289],[-123.851378049661832,39.312852660495345],[-123.865107246530513,39.36954903336769],[-123.880361909717934,39.426350295409918],[-123.897142039224093,39.483256446622036],[-123.915447635048992,39.540267487004044],[-123.935278697192643,39.597383416555935],[-123.95663522565502,39.654604235277709],[-123.979517220436151,39.711929943169366],[-124.00392468153602,39.769360540230906],[-124.029857608954629,39.826896026462336],[-124.057316002691977,39.884536401863642],[-124.086299862748078,39.942281666434837],[-124.116809189122918,40.000131820175923],[-124.148843981816498,40.058086863086885],[-124.182404240828831,40.116146795167737],[-124.217489966159889,40.174311616418478],[-124.2541011578097,40.23258132683911],[-124.29223781577825,40.290955926429618],[-124.33189994006554,40.349435415190008],[-124.373087530671583,40.408019793120289],[-124.415800587596365,40.466709060220452],[-124.460039110839887,40.525503216490499],[-124.505803100402147,40.584402261930435],[-124.553092556283147,40.643406196540255],[-124.601907478482886,40.70251502031995],[-124.648307608853258,40.760701525024118],[-124.692292947394265,40.817965710652757],[-124.733863494105904,40.874307577205869],[-124.773019248988177,40.929727124683438],[-124.809760212041084,40.98422435308548],[-124.844086383264596,41.037799262411994],[-124.875997762658756,41.090451852662966],[-124.905494350223535,41.14218212383841],[-124.932576145958933,41.192990075938319],[-124.957243149865008,41.2428757089627],[-124.979495361941673,41.291839022911546],[-124.999332782188958,41.339880017784857],[-125.016755410606891,41.38699869358264],[-125.031763247195457,41.433195050304889],[-125.044356291954657,41.478469087951602],[-125.054534544884476,41.52282080652278],[-125.062298005984928,41.566250206018438],[-125.067646675256015,41.608757286438554],[-125.07058055269772,41.650342047783141],[-125.071099638310073,41.691004490052194],[-125.069203932093046,41.730744613245712],[-125.064893434046638,41.769562417363701],[-125.058168144170878,41.807457902406156],[-125.049028062465737,41.844431068373076],[-125.037473188931216,41.880481915264468],[-125.023503523567371,41.915610443080325],[-125.007119066374116,41.949816651820647],[-124.98831981735151,41.983100541485442],[-124.967105776499537,42.015462112074701],[-124.943476943818183,42.046901363588425],[-124.917433319307449,42.077418296026622],[-124.888974902967348,42.107012909389283],[-124.861994255867273,42.13610556118774],[-124.836491378007196,42.164696251421987],[-124.812466269387158,42.192784980092028],[-124.789918930007133,42.220371747197866],[-124.768849359867119,42.247456552739493],[-124.749257558967116,42.274039396716915],[-124.731143527307154,42.300120279130141],[-124.714507264887203,42.325699199979148],[-124.699348771707264,42.350776159263958],[-124.685668047767308,42.37535115698455],[-124.673465093067406,42.399424193140945],[-124.662739907607516,42.422995267733143],[-124.653492491387624,42.446064380761122],[-124.645722844407786,42.46863153222489],[-124.639430966667945,42.490696722124461],[-124.63461685816813,42.512259950459821],[-124.631280518908312,42.533321217230977],[-124.62942194888852,42.553880522437929],[-124.62904114810874,42.573937866080669],[-124.630138116569015,42.593493248159213],[-124.632712854269272,42.612546668673545],[-124.636765361209541,42.631098127623673],[-124.642295637389822,42.64914762500959],[-124.649303682810142,42.666695160831296],[-124.657789497470475,42.683740735088804],[-124.667753081370819,42.700284347782109],[-124.679194434511174,42.716325998911202],[-124.692113556891542,42.731865688476077],[-124.706510448511949,42.746903416476755],[-124.722385109372368,42.761439182913236],[-124.739737539472799,42.775472987785506],[-124.758567738813213,42.789004831093564],[-124.776258448043237,42.803344068357376],[-124.792809667162828,42.818490699576927],[-124.808221396172002,42.834444724752224],[-124.822493635070757,42.851206143883275],[-124.835626383859079,42.868774956970064],[-124.847619642537012,42.8871511640126],[-124.858473411104484,42.906334765010882],[-124.868187689561523,42.926325759964911],[-124.876762477908159,42.947124148874686],[-124.884197776144362,42.968729931740206],[-124.890493584270146,42.991143108561474],[-124.895649902285513,43.014363679338487],[-124.899666730190447,43.03839164407124],[-124.902544067984962,43.063227002759746],[-124.90428191566906,43.088869755403998],[-124.904880273242725,43.115319902003989],[-124.904339140705972,43.142577442559734],[-124.902658518058786,43.170642377071218],[-124.899838405301168,43.199514705538455],[-124.895878802433131,43.229194427961438],[-124.890779709454677,43.259681544340168],[-124.884541126365804,43.29097605467463],[-124.877163053166498,43.323077958964845],[-124.868645489856789,43.355987257210799],[-124.858988436436647,43.389703949412507],[-124.848191892906044,43.424228035569968],[-124.836255859265052,43.459559515683168],[-124.823180335513626,43.495698389752107],[-124.808965321651783,43.5326446577768],[-124.793610817679507,43.570398319757246],[-124.777116823596813,43.608959375693431],[-124.759483339403701,43.648327825585348],[-124.743245925862865,43.687071199291317],[-124.728404582974306,43.725189496811325],[-124.714959310738024,43.762682718145378],[-124.702910109154004,43.799550863293469],[-124.692256978222275,43.835793932255598],[-124.682999917942837,43.871411925031765],[-124.675138928315675,43.906404841621978],[-124.668674009340791,43.940772682026221],[-124.663605161018182,43.97451544624451],[-124.659932383347837,44.007633134276844],[-124.657655676329796,44.040125746123216],[-124.656775039964003,44.071993281783627],[-124.657290474250516,44.103235741258075],[-124.659201979189305,44.133853124546562],[-124.662509554780371,44.163845431649094],[-124.667213201023714,44.193212662565671],[-124.673312917919333,44.221954817296279],[-124.680808705467228,44.250071895840932],[-124.689700563667401,44.277563898199624],[-124.699988492519878,44.304430824372353],[-124.711672492024604,44.330672674359121],[-124.724752562181621,44.356289448159934],[-124.739228702990914,44.381281145774786],[-124.75510091445247,44.405647767203675],[-124.772369196566316,44.429389312446609],[-124.791033549332454,44.452505781503582],[-124.811093972750854,44.474997174374593],[-124.83255046682153,44.496863491059649],[-124.855403031544498,44.518104731558736],[-124.879651666919742,44.538720895871862],[-124.905296372947262,44.558711983999032],[-124.93233714962706,44.578077995940262],[-124.957724370481117,44.597955945200674],[-124.981458035509419,44.618345831780289],[-125.003538144711982,44.639247655679114],[-125.023964698088804,44.660661416897135],[-125.042737695639872,44.682587115434373],[-125.059857137365199,44.705024751290807],[-125.075323023264787,44.727974324466452],[-125.089135353338619,44.751435834961299],[-125.101294127586712,44.775409282775342],[-125.111799346009079,44.799894667908596],[-125.120651008605677,44.824891990361053],[-125.127849115376549,44.85040125013272],[-125.133393666321666,44.87642244722359],[-125.137284661441043,44.902955581633648],[-125.139522100734666,44.930000653362924],[-125.140105984202535,44.957557662411403],[-125.139036311844677,44.985626608779086],[-125.136313083661079,45.014207492465971],[-125.131936299651727,45.043300313472059],[-125.12590595981662,45.072905071797351],[-125.118222064155773,45.103021767441845],[-125.1088846126692,45.133650400405557],[-125.097893605356859,45.164790970688458],[-125.085249042218777,45.196443478290568],[-125.070950923254955,45.228607923211882],[-125.054999248465407,45.261284305452392],[-125.03739401785009,45.294472625012119],[-125.018135231409033,45.328172881891042],[-124.997222889142236,45.362385076089168],[-124.974656991049699,45.397109207606519],[-124.950437537131407,45.432345276443058],[-124.924564527387361,45.468093282598801],[-124.900625904027422,45.503524183216285],[-124.87862166705159,45.538637978295526],[-124.858551816459851,45.573434667836509],[-124.840416352252205,45.607914251839247],[-124.824215274428667,45.642076730303721],[-124.809948582989222,45.675922103229944],[-124.797616277933869,45.709450370617908],[-124.787218359262624,45.742661532467622],[-124.778754826975472,45.775555588779085],[-124.772225681072413,45.80813253955229],[-124.767630921553462,45.840392384787243],[-124.764970548418603,45.872335124483939],[-124.764244561667837,45.903960758642391],[-124.765452961301179,45.935269287262578],[-124.768595747318614,45.966260710344514],[-124.773672919720141,45.996935027888206],[-124.780684478505776,46.027292239893633],[-124.789630423675504,46.057332346360809],[-124.800510755229325,46.087055347289741],[-124.813325473167254,46.116461242680408],[-124.828074577489275,46.145550032532825],[-124.844758068195389,46.174321716846997],[-124.863375945285611,46.202776295622904],[-124.883928208759926,46.230913768860546],[-124.906414858618348,46.258734136559951],[-124.930835894860863,46.286237398721106],[-124.957191317487471,46.313423555344002],[-124.985481126498172,46.34029260642864],[-125.01570532189298,46.366844551975028],[-125.047863903671882,46.393079391983171],[-125.081956871834876,46.41899712645305],[-125.117984226381978,46.444597755384677],[-125.151877400289266,46.470448912730276],[-125.183636393556725,46.496550598489847],[-125.213261206184399,46.522902812663389],[-125.24075183817223,46.549505555250889],[-125.266108289520261,46.576358826252367],[-125.289330560228478,46.603462625667817],[-125.310418650296896,46.630816953497231],[-125.329372559725485,46.658421809740616],[-125.34619228851426,46.686277194397974],[-125.360877836663235,46.714383107469295],[-125.373429204172382,46.742739548954589],[-125.383846391041715,46.771346518853861],[-125.392129397271248,46.80020401716709],[-125.398278222860938,46.829312043894291],[-125.402292867810843,46.85867059903547],[-125.404173332120934,46.888279682590621],[-125.403919615791196,46.918139294559737],[-125.401531718821673,46.948249434942817],[-125.397009641212307,46.978610103739868],[-125.390353382963127,47.009221300950898],[-125.381562944074147,47.040083026575886],[-125.370638324545354,47.071195280614852],[-125.357579524376746,47.102558063067789],[-125.342386543568324,47.134171373934691],[-125.325059382120088,47.166035213215565],[-125.305598040032038,47.198149580910396],[-125.284002517304174,47.230514477019213],[-125.26027281393651,47.263129901541994],[-125.234408929929032,47.295995854478747],[-125.206410865281711,47.329112335829478],[-125.176278619994605,47.362479345594167],[-125.14401219406767,47.396096883772834],[-125.120644827781504,47.433954918639046],[-125.106176521136121,47.476053450192794],[-125.100607274131491,47.522392478434099],[-125.103937086767658,47.572972003362956],[-125.116165959044565,47.627792024979357],[-125.137293890962255,47.686852543283308],[-125.167320882520698,47.75015355827481],[-125.20624693371991,47.817695069953857],[-125.254072044559905,47.889477078320454],[-125.310796215040654,47.965499583374601],[-125.376419445162185,48.045762585116293],[-125.450941734924498,48.13026608354555],[-125.534363084327566,48.219010078662336],[-125.626683493371388,48.311994570466666],[-125.727902962055978,48.409219558958554],[-125.838021490381351,48.510685044137986],[-125.957039078347478,48.616391026004969],[-126.084955725954387,48.726337504559496],[-126.221771433202065,48.840524479801573],[-126.367486200090482,48.958951951731216],[-126.522100026619697,49.081619920348395],[-126.685612912789679,49.208528385653111],[-126.85802485860043,49.339677347645392],[-127.039335864051949,49.475066806325209],[-127.229545929144237,49.614696761692578],[-127.428655053877293,49.758567213747497],[-127.636663238251103,49.906678162489968],[-127.853570482265695,50.059029607919989],[-128.079376785921056,50.215621550037554],[-128.314082149217143,50.37645398884267],[-128.55768657215404,50.541526924335329],[-128.810190054731692,50.710840356515533],[-129.054726485217657,50.876151737862862],[-129.291295863611992,51.037461068377326],[-129.519898189914613,51.194768348058894],[-129.740533464125576,51.348073576907581],[-129.953201686244824,51.497376754923394],[-130.157902856272386,51.642677882106327],[-130.35463697420829,51.783976958456378],[-130.543404040052451,51.921273983973556],[-130.724204053804982,52.054568958657853],[-130.897037015465827,52.183861882509269],[-131.061902925034985,52.309152755527812],[-131.218801782512514,52.430441577713474],[-131.3677335878983,52.547728349066254],[-131.5086983411924,52.661013069586154],[-131.641696042394813,52.77029573927318],[-131.766726691505596,52.875576358127319],[-131.883790288524665,52.976854926148583],[-131.992886833452019,53.074131443336967],[-132.094016326287715,53.167405909692476],[-132.187178767031753,53.256678325215098],[-132.272374155684076,53.341948689904839],[-132.349602492244742,53.423217003761707],[-132.418863776713721,53.5004832667857],[-132.480158009091042,53.573747478976813],[-132.533485189376648,53.643009640335038],[-132.578845317570597,53.708269750860389],[-132.61623839367283,53.769527810552859],[-132.645664417683406,53.826783819412455],[-132.667123389602295,53.880037777439163],[-132.68061530942947,53.929289684632998],[-132.686140177164987,53.974539540993952],[-132.683697992808845,54.015787346522025],[-132.6826946856321,54.056424511859035],[-132.683130255634751,54.096451037004968],[-132.685004702816826,54.135866921959838],[-132.688318027178354,54.174672166723639],[-132.69307022871925,54.212866771296376],[-132.699261307439599,54.250450735678037],[-132.706891263339372,54.287424059868627],[-132.715960096418542,54.323786743868141],[-132.726467806677135,54.359538787676598],[-132.738414394115154,54.394680191293972],[-132.751799858732568,54.42921095472029],[-132.766624200529407,54.463131077955538],[-132.78288741950567,54.496440560999716],[-132.800589515661329,54.529139403852824],[-132.819730488996441,54.561227606514862],[-132.840310339510921,54.592705168985844],[-132.862329067204854,54.623572091265743],[-132.885786672078211,54.653828373354578],[-132.910683154130965,54.683474015252344],[-132.937018513363142,54.712509016959032],[-132.964792749774745,54.740933378474658],[-132.994005863365743,54.768747099799221],[-133.024657854136166,54.795950180932707],[-133.056748722086013,54.822542621875122],[-133.090278467215256,54.848524422626475],[-133.125247089523953,54.873895583186751],[-133.161654589012045,54.898656103555965],[-133.199500965679533,54.922805983734101],[-133.238786219526474,54.946345223721167],[-133.279510350552812,54.969273823517184],[-133.321673358758574,54.991591783122118],[-133.365275244143788,55.013299102535967],[-133.407491948303914,55.035209002369371],[-133.448323471238979,55.057321482622328],[-133.487769812949011,55.079636543294804],[-133.525830973433983,55.102154184386819],[-133.562506952693894,55.124874405898382],[-133.597797750728773,55.147797207829477],[-133.631703367538591,55.170922590180119],[-133.664223803123321,55.194250552950301],[-133.695359057483017,55.217781096140023],[-133.725109130617682,55.241514219749277],[-133.753474022527314,55.265449923778078],[-133.780453733211857,55.289588208226419],[-133.806048262671368,55.313929073094293],[-133.830257610905846,55.338472518381707],[-133.853081777915236,55.363218544088667],[-133.874520763699536,55.388167150215153],[-133.894574568258832,55.413318336761186],[-133.913243191593097,55.438672103726766],[-133.9305266337023,55.464228451111879],[-133.946424894586414,55.489987378916524],[-133.960937974245496,55.515948887140716],[-133.974065872679546,55.542112975784434],[-133.985808589888535,55.568479644847706],[-133.996166125872463,55.595048894330517],[-134.005138480631331,55.621820724232862],[-134.012725654165138,55.648795134554746],[-134.018927646473912,55.67597212529617],[-134.023744457557655,55.703351696457126],[-134.027176087416336,55.730933848037623],[-134.029222536049957,55.758718580037673],[-134.029883803458517,55.786705892457249],[-134.029159889642017,55.814895785296372],[-134.060755206535958,55.839062942146541],[-134.124669754140371,55.859207363007755],[-134.220903532455196,55.87532904788003],[-134.349456541480464,55.887427996763364],[-134.510328781216174,55.895504209657744],[-134.703520251662297,55.89955768656317],[-134.929030952818891,55.899588427479657],[-135.186860884685927,55.895596432407203],[-135.477010047263377,55.887581701345795],[-135.799478440551297,55.875544234295432],[-136.154266064549603,55.85948403125613],[-136.541372919258379,55.839401092227874],[-136.960799004677597,55.815295417210677],[-137.412544320807228,55.787167006204541],[-137.89660886764733,55.75501585920945],[-138.412992645197846,55.718841976225391],[-138.961695653458833,55.678645357252407],[-139.542717892430232,55.634426002290482],[-140.156059362112046,55.586183911339596],[-140.80172006250433,55.533919084399763],[-141.479699993607028,55.477631521470983],[-142.189999155420196,55.417321222553248],[-142.932617547943778,55.352988187646574],[-143.70755517117783,55.284632416750938],[-144.514812025122296,55.212253909866369],[-145.354388109777176,55.135852666992847],[-146.226283425142526,55.055428688130377],[-147.130497971218347,54.97098197327896],[-148.067031748004553,54.882512522438596],[-149.035884755501201,54.790020335609299],[-150.037056993708291,54.69350541279104],[-151.070548462625879,54.592967753983828],[-152.076648422210411,54.496344397031123],[-153.055356872461942,54.403635341932912],[-154.006673813380473,54.314840588689194],[-154.930599244965947,54.229960137299969],[-155.827133167218477,54.148993987765238],[-156.696275580137979,54.071942140085014],[-157.538026483724479,53.998804594259276],[-158.352385877978008,53.929581350288032],[-159.139353762898509,53.864272408171288],[-159.89893013848598,53.802877767909045],[-160.631115004740479,53.745397429501296],[-161.335908361662007,53.691831392948039],[-162.013310209250506,53.642179658249283],[-162.663320547505975,53.596442225405021],[-163.285939376428445,53.554619094415251],[-163.881166696017942,53.516710265279983],[-164.449002506274411,53.482715737999207],[-164.989446807197879,53.452635512572925],[-165.502499598788347,53.426469589001144],[-165.988160881045815,53.404217967283856],[-166.446430653970253,53.385880647421061],[-166.87730891756172,53.371457629412774],[-167.280795671820186,53.360948913258973],[-167.656890916745624,53.354354498959665],[-168.00559465233809,53.351674386514858],[-168.326906878597498,53.352908575924552],[-168.620827595523934,53.358057067188739],[-168.887356803117399,53.367119860307398],[-169.126494501377834,53.380096955280578],[-169.338240690305241,53.396988352108252],[-169.522595369899676,53.41779405079042],[-169.679558540161111,53.442514051327095],[-169.831478065878002,53.468528400767141],[-169.97835394705038,53.49583709911056],[-170.120186183678243,53.524440146357371],[-170.256974775761535,53.554337542507568],[-170.388719723300341,53.585529287561137],[-170.515421026294632,53.618015381518099],[-170.637078684744381,53.651795824378432],[-170.753692698649616,53.686870616142137],[-170.865263068010307,53.723239756809235],[-170.971789792826485,53.760903246379719],[-171.073272873098119,53.799861084853582],[-171.16971230882524,53.84011327223083],[-171.261108100007846,53.881659808511458],[-171.347460246645909,53.924500693695464],[-171.428768748739458,53.968635927782856],[-171.505033606288464,54.014065510773626],[-171.576254819292984,54.060789442667783],[-171.642432387752962,54.108807723465318],[-171.703566311668396,54.158120353166233],[-171.759656591039317,54.208727331770532],[-171.810703225865723,54.260628659278211],[-171.856706216147586,54.313824335689276],[-171.897665561884935,54.368314361003719],[-171.93358126307777,54.424098735221548],[-171.964453319726061,54.481177458342756],[-171.990281731829839,54.539550530367343],[-172.011066499389102,54.599217951295316],[-172.026807622403823,54.660179721126674],[-172.037505100874,54.722435839861411],[-172.043158934799692,54.78598630749952],[-172.043769124180841,54.850831124041022],[-172.039335669017476,54.916970289485903],[-172.034093051388538,54.982390322204004],[-172.028041271294029,55.047091222195334],[-172.021180328733919,55.111072989459899],[-172.013510223708238,55.174335623997678],[-172.005030956217013,55.236879125808692],[-171.99574252626013,55.298703494892933],[-171.985644933837762,55.359808731250396],[-171.974738178949792,55.420194834881087],[-171.963022261596223,55.479861805785006],[-171.950497181777166,55.538809643962146],[-171.937162939492453,55.597038349412514],[-171.923019534742139,55.654547922136118],[-171.90806696752631,55.711338362132935],[-171.89230523784488,55.767409669402987],[-171.875734345697879,55.822761843946267],[-171.858354291085334,55.877394885762769],[-171.840165074007189,55.931308794852498],[-171.821166694463443,55.984503571215456],[-171.801359152454154,56.036979214851634],[-171.780742447979264,56.08873572576104],[-171.759316581038803,56.139773103943668],[-171.737081551632798,56.19009134939953],[-171.714037359761193,56.239690462128621],[-171.690184005424015,56.288570442130933],[-171.665521488621266,56.336731289406472],[-171.640049809352945,56.38417300395524],[-171.613768967619052,56.430895585777236],[-171.586678963419587,56.47689903487246],[-171.55877979675455,56.522183351240905],[-171.530071467623912,56.566748534882578],[-171.500553976027732,56.610594585797479],[-171.470227321965979,56.653721503985601],[-171.439820814811299,56.695422290040113],[-171.409334454563748,56.735696943961024],[-171.378768241223327,56.774545465748318],[-171.348122174789978,56.811967855402003],[-171.317396255263759,56.847964112922078],[-171.286590482644669,56.882534238308537],[-171.255704856932653,56.915678231561394],[-171.224739378127765,56.947396092680641],[-171.193694046230007,56.977687821666279],[-171.162568861239265,57.006553418518294],[-171.131363823155709,57.033992883236706],[-171.10007893197934,57.060006215821531],[-171.068714187709986,57.084593416272725],[-171.037269590347762,57.107754484590302],[-171.00574513989261,57.12948942077427],[-170.974140836344588,57.149798224824636],[-170.942456679703696,57.168680896741385],[-170.910692669969933,57.186137436524525],[-170.878848807143243,57.202167844174056],[-170.846925091223653,57.216772119689978],[-170.814921522211193,57.22995026307229],[-170.782838100105863,57.241702274320993],[-170.750674824907605,57.252028153436086],[-170.718431696616477,57.26092790041757],[-170.68610871523245,57.268401515265445],[-170.653705880755581,57.274448997979704],[-170.621223193185756,57.279070348560353],[-170.588660652523089,57.2822655670074],[-170.556018258767494,57.28403465332083],[-170.523296011919058,57.284377607500645],[-170.490493911977694,57.283294429546856],[-170.457611958943431,57.280785119459452],[-170.424102529484287,57.279648460889312],[-170.38996562360029,57.279884453836424],[-170.355201241291383,57.281493098300786],[-170.319809382557594,57.284474394282405],[-170.283790047398895,57.288828341781283],[-170.247143235815344,57.294554940797426],[-170.209868947806882,57.301654191330812],[-170.171967183373539,57.310126093381442],[-170.133437942515314,57.319970646949336],[-170.09428122523218,57.331187852034489],[-170.054497031524193,57.3437777086369],[-170.014085361391295,57.357740216756561],[-169.973046214833516,57.37307537639348],[-169.931379591850828,57.389783187547657],[-169.889085492443286,57.407863650219085],[-169.846163916610891,57.42731676440777],[-169.802614864353558,57.448142530113714],[-169.758438335671343,57.470340947336908],[-169.713634330564247,57.493912016077353],[-169.668202849032241,57.518855736335055],[-169.622143891075382,57.545172108110023],[-169.575457456693613,57.572861131402242],[-169.528143545886962,57.601922806211711],[-169.480202158655459,57.632357132538431],[-169.431633294999017,57.664164110382416],[-169.382436954917722,57.697343739743644],[-169.332613138411517,57.731896020622138],[-169.282161845480431,57.767820953017896],[-169.231083076124463,57.805118536930898],[-169.179376830343614,57.843788772361158],[-169.127043108137855,57.883831659308676],[-169.074081909507242,57.925247197773437],[-169.022095049305904,57.966763583624228],[-168.971082527533952,58.008380816861042],[-168.921044344191273,58.050098897483871],[-168.871980499277925,58.091917825492715],[-168.823890992793906,58.133837600887581],[-168.776775824739161,58.175858223668463],[-168.730634995113775,58.21797969383536],[-168.68546850391769,58.260202011388287],[-168.641276351150935,58.302525176327229],[-168.598058536813483,58.344949188652194],[-168.55581506090536,58.387474048363167],[-168.514545923426567,58.430099755460169],[-168.474251124377076,58.472826309943187],[-168.434930663756916,58.515653711812213],[-168.396584541566085,58.558581961067276],[-168.359212757804556,58.601611057708354],[-168.322815312472358,58.644741001735447],[-168.287392205569489,58.687971793148563],[-168.252943437095894,58.731303431947694],[-168.219469007051657,58.774735918132841],[-168.186968915436694,58.81826925170401],[-168.155443162251117,58.861903432661208],[-168.124891747494814,58.905638461004415],[-168.09531467116787,58.949474336733637],[-168.066711933270227,58.993411059848881],[-168.039083533801886,59.037448630350156],[-168.012429472762875,59.081587048237438],[-167.986749750153166,59.125826313510743],[-167.962044365972787,59.17016642617007],[-167.93831332022171,59.214607386215405],[-167.915556612899962,59.25914919364677],[-167.893774244007574,59.303791848464158],[-167.871117504812844,59.347619534318447],[-167.847586395315858,59.390632251209645],[-167.823180915516559,59.432829999137752],[-167.797901065414976,59.474212778102775],[-167.771746845011108,59.514780588104699],[-167.744718254304956,59.554533429143532],[-167.71681529329652,59.593471301219282],[-167.688037961985799,59.631594204331961],[-167.658386260372765,59.668902138481528],[-167.627860188457475,59.705395103667996],[-167.596459746239844,59.741073099891381],[-167.564184933719957,59.775936127151681],[-167.531035750897786,59.809984185448883],[-167.497012197773302,59.843217274783001],[-167.462114274346561,59.875635395154035],[-167.426341980617508,59.90723854656197],[-167.389695316586199,59.938026729006815],[-167.352174282252577,59.967999942488575],[-167.313778877616642,59.997158187007237],[-167.274509102678451,60.025501462562815],[-167.234364957437947,60.053029769155302],[-167.193346441895187,60.07974310678469],[-167.151453556050114,60.105641475450994],[-167.108686299902729,60.130724875154208],[-167.065044673453087,60.154993305894322],[-167.020528676701161,60.178446767671353],[-166.975138309646923,60.2010852604853],[-166.928873572290399,60.222908784336155],[-166.881734464631592,60.243917339223913],[-166.8337209866705,60.2641109251486],[-166.784833138407123,60.283489542110182],[-166.735070919841434,60.30205319010868],[-166.685183384412568,60.322660456100678],[-166.635170532120554,60.345311340086191],[-166.585032362965308,60.370005842065218],[-166.534768876946885,60.39674396203776],[-166.484380074065285,60.425525700003817],[-166.433865954320453,60.456351055963381],[-166.383226517712473,60.489220029916453],[-166.332461764241344,60.524132621863032],[-166.281571693906983,60.561088831803126],[-166.230556306709417,60.600088659736741],[-166.179415602648703,60.641132105663864],[-166.128149581724784,60.684219169584495],[-166.076758243937689,60.72934985149864],[-166.025241589287418,60.776524151406306],[-165.973599617773914,60.825742069307474],[-165.921832329397262,60.877003605202148],[-165.869939724157405,60.930308759090344],[-165.817921802054343,60.985657530972041],[-165.765778563088134,61.043049920847253],[-165.713510007258748,61.102485928715986],[-165.661116134566157,61.163965554578226],[-165.608596945010362,61.227488798433967],[-165.55595243859139,61.293055660283237],[-165.503182615309214,61.360666140126014],[-165.450287475163861,61.430320237962299],[-165.397267018155333,61.502017953792098],[-165.344121244283599,61.575759287615412],[-165.290850153548718,61.651544239432233],[-165.237453745950603,61.729372809242562],[-165.183932021489312,61.80924499704642],[-165.130284980164845,61.891160802843771],[-165.076512621977201,61.975120226634644],[-165.027214091619271,62.057682076253222],[-164.982389389091054,62.138846351699499],[-164.942038514392578,62.218613052973488],[-164.906161467523845,62.296982180075176],[-164.874758248484795,62.373953733004576],[-164.847828857275516,62.449527711761682],[-164.82537329389595,62.523704116346494],[-164.807391558346126,62.596482946759025],[-164.793883650626015,62.667864202999255],[-164.784849570735616,62.737847885067183],[-164.78028931867496,62.806433992962816],[-164.780202894444045,62.873622526686162],[-164.784590298042815,62.939413486237214],[-164.793451529471355,63.003806871615964],[-164.806786588729608,63.066802682822427],[-164.824595475817603,63.128400919856603],[-164.846878190735282,63.188601582718483],[-164.873634733482703,63.247404671408063],[-164.904865104059866,63.304810185925348],[-164.940569302466741,63.360818126270345],[-164.980747328703359,63.415428492443041],[-165.025399182769689,63.46864128444345],[-165.074524864665761,63.520456502271564],[-165.128124374391547,63.570874145927377],[-165.186197711947074,63.619894215410902],[-165.248744877332314,63.667516710722133],[-165.315765870547267,63.713741631861069],[-165.38726069159199,63.758568978827718],[-165.463229340466398,63.801998751622065],[-165.543671817170548,63.844030950244118],[-165.628588121704411,63.884665574693884],[-165.717978254068015,63.923902624971348],[-165.803192223391903,63.96406154121258],[-165.884230029676132,64.005142323417573],[-165.961091672920645,64.047144971586306],[-166.033777153125442,64.0900694857188],[-166.102286470290579,64.133915865815069],[-166.166619624416001,64.1786841118751],[-166.226776615501763,64.224374223898877],[-166.28275744354778,64.270986201886387],[-166.334562108554138,64.318520045837687],[-166.382190610520809,64.366975755752748],[-166.425642949447763,64.416353331631555],[-166.46491912533503,64.466652773474109],[-166.500019138182608,64.517874081280439],[-166.530942987990471,64.57001725505053],[-166.557690674758646,64.623082294784368],[-166.580262198487162,64.677069200481967],[-166.598657559175933,64.731977972143326],[-166.612876756825045,64.787808609768433],[-166.622919791434441,64.844561113357315],[-166.628786663004149,64.902235482909944],[-166.63047737153417,64.960831718426334],[-166.627991917024474,65.020349819906471],[-166.621330299475119,65.080789787350383],[-166.610492518886019,65.142151620758071],[-166.59547857525726,65.204435320129491],[-166.576288468588814,65.267640885464672],[-166.552922198880651,65.331768316763615],[-166.525379766132772,65.396817614026304],[-166.493661170345206,65.462788777252769],[-166.45776641151798,65.529681806442966],[-166.417695489651038,65.597496701596953],[-166.37344840474438,65.666233462714672],[-166.32982998046586,65.732750327597813],[-166.286840216815449,65.797047296246319],[-166.244479113793119,65.859124368660247],[-166.202746671398927,65.918981544839539],[-166.161642889632844,65.976618824784254],[-166.121167768494843,66.032036208494361],[-166.08132130798495,66.085233695969862],[-166.042103508103196,66.136211287210784],[-166.003514368849522,66.184968982217072],[-165.965553890223987,66.231506780988752],[-165.928222072226532,66.275824683525826],[-165.891518914857187,66.317922689828322],[-165.855444418115951,66.357800799896182],[-165.819998582002825,66.395459013729464],[-165.785181406517808,66.430897331328111],[-165.7509928916609,66.46411575269218],[-165.717433037432102,66.495114277821628],[-165.684501843831413,66.523892906716483],[-165.652199310858833,66.550451639376732],[-165.620525438514363,66.574790475802374],[-165.589480226798003,66.596909415993409],[-165.559063675709695,66.616808459949837],[-165.529275785249553,66.634487607671673],[-165.500116555417492,66.649946859158888],[-165.471585986213569,66.663186214411525],[-165.443684077637698,66.674205673429526],[-165.416410829689994,66.683005236212949],[-165.389766242370371,66.689584902761737],[-165.363750315678885,66.693944673075947],[-165.338363049615452,66.69608454715555],[-165.313604444180157,66.696004525000546],[-165.289474499372972,66.693704606610936],[-165.264977706145658,66.692896249617576],[-165.240114064498272,66.693579454020437],[-165.214883574430758,66.695754219819563],[-165.189286235943143,66.699420547014924],[-165.163322049035429,66.704578435606521],[-165.136991013707615,66.711227885594383],[-165.1102931299597,66.719368896978466],[-165.083228397791686,66.729001469758828],[-165.055796817203543,66.740125603935411],[-165.027998388195329,66.752741299508216],[-164.999833110766957,66.766848556477285],[-164.971300984918514,66.782447374842604],[-164.942402010649971,66.79953775460416],[-164.9131361879613,66.818119695761951],[-164.883503516852528,66.838193198315992],[-164.853503997323656,66.859758262266269],[-164.823137629374685,66.882814887612795],[-164.792404413005613,66.907363074355573],[-164.761304348216413,66.933402822494585],[-164.729837435007113,66.960934132029834],[-164.698003673377741,66.989957002961347],[-164.665803063328212,67.020471435289082],[-164.633235604858612,67.052477429013067],[-164.600301297968883,67.085974984133287],[-164.567000142659055,67.120964100649772],[-164.533332138929126,67.157444778562493],[-164.499297286779097,67.195417017871449],[-164.464895586208968,67.234880818576656],[-164.430127037218739,67.275836180678098],[-164.39499163980841,67.318283104175777],[-164.359489393977981,67.362221589069705],[-164.323620299727395,67.407651635359898],[-164.287264699869013,67.451490850537624],[-164.25042259440275,67.493739234602884],[-164.213093983328633,67.534396787555693],[-164.175278866646693,67.573463509396049],[-164.136977244356899,67.610939400123954],[-164.098189116459253,67.646824459739406],[-164.058914482953725,67.681118688242407],[-164.019153343840344,67.713822085632955],[-163.978905699119139,67.744934651911052],[-163.938171548790081,67.774456387076668],[-163.89695089285317,67.802387291129861],[-163.855243731308406,67.828727364070573],[-163.813050064155789,67.853476605898862],[-163.770369891395319,67.876635016614671],[-163.727203213026996,67.898202596218042],[-163.683550029050849,67.918179344708946],[-163.639410339466849,67.936565262087399],[-163.594784144274968,67.953360348353399],[-163.549671443475233,67.968564603506948],[-163.504072237067646,67.982178027548045],[-163.457986525052235,67.99420062047669],[-163.411414307428998,68.004632382292883],[-163.364355584197881,68.013473312996609],[-163.316810355358882,68.020723412587898],[-163.268778620912059,68.026382681066707],[-163.220260380857411,68.030451118433092],[-163.171255635194882,68.032928724686997],[-163.121764383924472,68.033815499828478],[-163.071786627046265,68.033111443857479],[-163.021322364560177,68.030816556774028],[-162.970371596466265,68.026930838578124],[-162.918934322764471,68.021454289269741],[-162.866964271959461,68.018231936330153],[-162.814461444051176,68.017263779759361],[-162.761425839039674,68.018549819557308],[-162.707857456924927,68.02209005572405],[-162.653756297706934,68.027884488259545],[-162.599122361385696,68.035933117163836],[-162.543955647961212,68.046235942436894],[-162.488256157433483,68.058792964078705],[-162.432023889802508,68.073604182089298],[-162.375258845068288,68.090669596468672],[-162.317961023230822,68.109989207216813],[-162.260130424290111,68.13156301433375],[-162.201767048246154,68.155391017819426],[-162.142870895098952,68.181473217673897],[-162.083441964848504,68.209809613897107],[-162.023480257494811,68.240400206489113],[-161.962985773037872,68.273244995449886],[-161.901958511477687,68.308343980779426],[-161.840398472814258,68.345697162477762],[-161.778305657047582,68.385304540544837],[-161.715680064177661,68.427166114980707],[-161.652521694204523,68.471281885785359],[-161.588830547128111,68.517651852958778],[-161.524606622948482,68.56627601650095],[-161.45984992166558,68.617154376411918],[-161.394560443279431,68.670286932691639],[-161.328738187790066,68.725673685340141],[-161.262383155197455,68.783314634357424],[-161.19549534550157,68.843209779743461],[-161.128074758702468,68.905359121498293],[-161.06012139480012,68.969762659621878],[-160.991635253794499,69.036420394114231],[-160.918069832594853,69.101579956982178],[-160.839425131201182,69.165241348225692],[-160.755701149613429,69.227404567844786],[-160.666897887831624,69.288069615839476],[-160.573015345855794,69.347236492209731],[-160.474053523685939,69.404905196955553],[-160.370012421322031,69.461075730076956],[-160.260892038764041,69.51574809157394],[-160.146692376012027,69.568922281446504],[-160.027413433065988,69.620598299694649],[-159.903055209925895,69.67077614631836],[-159.77361770659175,69.719455821317652],[-159.639100923063552,69.766637324692539],[-159.4995048593413,69.812320656442978],[-159.354829515425024,69.856505816569012],[-159.205074891314723,69.899192805070612],[-159.050240987010341,69.940381621947793],[-158.890327802511905,69.980072267200555],[-158.725335337819445,70.018264740828897],[-158.555263592932931,70.054959042832792],[-158.380112567852393,70.090155173212281],[-158.199882262577773,70.123853131967365],[-158.014572677109129,70.156052919098016],[-157.82418381144646,70.186754534604233],[-157.628715665589709,70.215957978486045],[-157.428168239538934,70.243663250743424],[-157.222541533294105,70.269870351376369],[-157.011835546855224,70.294579280384909],[-156.796050280222289,70.317790037769015],[-156.575185733395358,70.339502623528716],[-156.349241906374345,70.359717037663984],[-156.118218799159308,70.378433280174818],[-155.883093526547782,70.395011061058256],[-155.643866088539824,70.409450380314283],[-155.400536485135376,70.421751237942885],[-155.153104716334468,70.431913633944049],[-154.9015707821371,70.439937568317816],[-154.64593468254327,70.445823041064187],[-154.386196417552981,70.449570052183134],[-154.122355987166202,70.451178601674656],[-153.854413391382991,70.450648689538781],[-153.582368630203291,70.447980315775482],[-153.306221703627159,70.443173480384758],[-153.025972611654566,70.436228183366637],[-152.741621354285485,70.427144424721092],[-152.453167931519971,70.415922204448123],[-152.160612343357968,70.402561522547757],[-151.863954589799533,70.387062379019966],[-151.563194670844609,70.369424773864765],[-151.258332586493225,70.349648707082153],[-150.94936833674538,70.327734178672131],[-150.636301921601074,70.303681188634698],[-150.319133341060308,70.277489736969841],[-149.997862595123081,70.249159823677559],[-149.672489683789394,70.218691448757866],[-149.343014607059217,70.186084612210763],[-149.009437364932609,70.15133931403625],[-148.671757957409511,70.114455554234326],[-148.329976384489981,70.075433332804977],[-147.984092646173963,70.034272649748203],[-147.634106742461483,69.990973505064034],[-147.280018673352572,69.945535898752453],[-146.921828438847172,69.897959830813448],[-146.559536038945339,69.848245301247019],[-146.204135362525562,69.798750073271776],[-145.855626409587956,69.749474146887692],[-145.514009180132405,69.700417522094796],[-145.179283674159024,69.651580198893072],[-144.851449891667698,69.602962177282507],[-144.530507832658486,69.5545634572631],[-144.216457497131387,69.506384038834867],[-143.9092988850864,69.45842392199782],[-143.609031996523527,69.410683106751932],[-143.315656831442766,69.363161593097217],[-143.029173389844118,69.315859381033675],[-142.749581671727526,69.268776470561292],[-142.476881677093104,69.221912861680096],[-142.211073405940795,69.175268554390044],[-141.952156858270598,69.128843548691179],[-141.700132034082458,69.082637844583502],[-141.454998933376487,69.036651442066969],[-141.216757556152572,68.990884341141609],[-140.985407902410827,68.945336541807421],[-140.760949972151138,68.900008044064407],[-140.543383765373591,68.854898847912565],[-140.332709282078127,68.810008953351897],[-140.128926522264777,68.765338360382401],[-139.93203548593354,68.720887069004078],[-139.742036173084415,68.676655079216914],[-139.558928583717403,68.632642391020937],[-139.382712717832476,68.588849004416105],[-139.21338857542969,68.545274919402459],[-139.050956156508988,68.501920135979987],[-138.895415461070399,68.458784654148673],[-138.746766489113952,68.415868473908532],[-138.605009240639561,68.373171595259564],[-138.465599521531885,68.332538795068473],[-138.328537331790926,68.293970073335288],[-138.193822671416626,68.257465430059966],[-138.061455540409014,68.223024865242508],[-137.931435938768118,68.190648378882955],[-137.803763866493881,68.160335970981279],[-137.67843932358636,68.132087641537481],[-137.555462310045499,68.105903390551589],[-137.434832825871354,68.08178321802356],[-137.316550871063896,68.059727123953394],[-137.200616445623126,68.039735108341134],[-137.087029549549015,68.021807171186751],[-136.975790182841621,68.005943312490245],[-136.866898345500914,67.992143532251646],[-136.760354037526923,67.980407830470909],[-136.656157258919592,67.970736207148036],[-136.554308009678977,67.963128662283069],[-136.454806289805049,67.957585195875978],[-136.357652099297781,67.954105807926766],[-136.2628454381572,67.952690498435459],[-136.170386306383307,67.953339267402015],[-136.080274703976158,67.956052114826434],[-135.992510630935641,67.960829040708759],[-135.907094087261839,67.967670045048962],[-135.824025072954697,67.976575127847042],[-135.7433035880143,67.987544289103027],[-135.664929632440561,68.000577528816876],[-135.588903206233482,68.015674846988588],[-135.515224309393147,68.032836243618206],[-135.443892941919472,68.052061718705701],[-135.374909103812513,68.073351272251074],[-135.308272795072185,68.096704904254352],[-135.244426478392541,68.120056130854636],[-135.183370153773524,68.143404952051952],[-135.125103821215134,68.166751367846302],[-135.069627480717429,68.190095378237672],[-135.016941132280294,68.213436983226075],[-134.967044775903844,68.236776182811525],[-134.919938411587992,68.260112976993994],[-134.875622039332796,68.283447365773483],[-134.834095659138228,68.30677934915002],[-134.795359271004315,68.330108927123575],[-134.75941287493103,68.35343609969415],[-134.726256470918372,68.376760866861773],[-134.69589005896637,68.400083228626414],[-134.668313639074967,68.423403184988075],[-134.643527211244219,68.446720735946784],[-134.621530775474127,68.470035881502525],[-134.602324331764635,68.493348621655286],[-134.585907880115826,68.516658956405081],[-134.572281420527617,68.539966885751909],[-134.561444953000034,68.563272409695742],[-134.553398477533108,68.586575528236637],[-134.548141994126837,68.609876241374536],[-134.545675502781165,68.633174549109484],[-134.545999003496149,68.65647045144145],[-134.549112496271732,68.67976394837045],[-134.555015981107999,68.703055039896469],[-134.563709458004894,68.726343726019536],[-134.575192926962416,68.749630006739622],[-134.589466387980565,68.772913882056741],[-134.606529841059398,68.79619535197088],[-134.626383286198831,68.819474416482066],[-134.649026723398919,68.842751075590286],[-134.666510007163936,68.865713944311238],[-134.678833137493939,68.888363022644924],[-134.685996114388843,68.910698310591357],[-134.687998937848704,68.932719808150551],[-134.684841607873523,68.954427515322465],[-134.676524124463299,68.975821432107139],[-134.663046487618033,68.996901558504533],[-134.644408697337667,69.017667894514688],[-134.620610753622316,69.038120440137575],[-134.591652656471865,69.058259195373211],[-134.5575344058864,69.078084160221593],[-134.518256001865893,69.097595334682723],[-134.473817444410315,69.116792718756585],[-134.424218733519666,69.135676312443209],[-134.369459869194003,69.154246115742566],[-134.309540851433269,69.172502128654642],[-134.244461680237521,69.19044435117948],[-134.174222355606673,69.208072783317078],[-134.098822877540783,69.225387425067396],[-134.018263246039908,69.242388276430475],[-133.932543461103933,69.259075337406287],[-133.841663522732887,69.275448607994832],[-133.745623430926798,69.291508088196139],[-133.644423185685696,69.307253778010164],[-133.538062787009494,69.322685677436951],[-133.426542234898278,69.337803786476485],[-133.309861529351991,69.352608105128752],[-133.18802067037069,69.367098633393766],[-133.061019657954319,69.381275371271528],[-132.928858492102904,69.395138318762022],[-132.791537172816419,69.408687475865264],[-132.64905570009492,69.421922842581267],[-132.509021907483032,69.433935052827024],[-132.371435794980755,69.44472410660255],[-132.236297362588147,69.454290003907857],[-132.10360661030515,69.462632744742933],[-131.973363538131764,69.469752329107777],[-131.845568146068047,69.475648757002403],[-131.720220434113941,69.480322028426798],[-131.597320402269474,69.483772143380946],[-131.47686805053462,69.485999101864877],[-131.358863378909433,69.48700290387859],[-131.243306387393858,69.486783549422071],[-131.130197075987923,69.485341038495335],[-131.019535444691599,69.482675371098352],[-130.911321493504943,69.478786547231152],[-130.80555522242787,69.47367456689372],[-130.702236631460494,69.467339430086056],[-130.601365720602701,69.459781136808175],[-130.502942489854547,69.450999687060047],[-130.406966939216034,69.440995080841702],[-130.313439068687103,69.429767318153154],[-130.222358878267869,69.417316398994359],[-130.133726367958218,69.403642323365318],[-130.047541537758264,69.388745091266074],[-129.963804387667892,69.372624702696584],[-129.882514917687189,69.35528115765689],[-129.803673127816069,69.33671445614695],[-129.727279018054617,69.316924598166779],[-129.653332588402748,69.295911583716389],[-129.581833838860547,69.273675412795768],[-129.512782769427986,69.250216085404915],[-129.446179380105036,69.225533601543844],[-129.382023670891698,69.199627961212514],[-129.307712675048691,69.173369036418123],[-129.223246392575987,69.146756827160644],[-129.128624823473587,69.119791333440077],[-129.023847967741517,69.09247255525645],[-128.908915825379722,69.06480049260972],[-128.783828396388259,69.036775145499888],[-128.648585680767098,69.008396513926982],[-128.503187678516213,68.979664597891002],[-128.34763438963563,68.95057939739192],[-128.181925814125407,68.921140912429763],[-128.00606195198543,68.891349143004518],[-127.820042803215799,68.861204089116171],[-127.623868367816456,68.83070575076475],[-127.417538645787417,68.79985412795024],[-127.20105363712868,68.768649220672657],[-126.974413341840247,68.737091028931971],[-126.737617759922131,68.705179552728211],[-126.490666891374318,68.672914792061363],[-126.233560736196807,68.640296746931426],[-125.966299294389614,68.607325417338402],[-125.68888256595271,68.574000803282303],[-125.401310550886109,68.540322904763102],[-125.103583249189825,68.506291721780826],[-124.795700660863844,68.471907254335463],[-124.477662785908166,68.437169502427011],[-124.149469624322805,68.402078466055471],[-123.811121176107747,68.366634145220843],[-123.462617441262978,68.330836539923155],[-123.103958419788526,68.294685650162364],[-122.735144111684377,68.258181475938471],[-122.356174516950531,68.221324017251504],[-121.967049635586989,68.184113274101463],[-121.587792095108284,68.148435433905249],[-121.218401895514418,68.114290496662889],[-120.858879036805376,68.081678462374356],[-120.509223518981159,68.050599331039678],[-120.16943534204178,68.021053102658826],[-119.839514505987253,67.993039777231829],[-119.519461010817551,67.966559354758672],[-119.209274856532673,67.941611835239371],[-118.908956043132633,67.918197218673896],[-118.618504570617446,67.896315505062276],[-118.337920438987069,67.875966694404482],[-118.067203648241502,67.857150786700529],[-117.806354198380802,67.839867781950431],[-117.555372089404926,67.82411768015416],[-117.314257321313875,67.809900481311743],[-117.083009894107676,67.797216185423167],[-116.861629807786301,67.786064792488418],[-116.65011706234975,67.776446302507537],[-116.448471657798052,67.768360715480483],[-116.256693594131178,67.76180803140727],[-116.074782871349129,67.756788250287912],[-115.902739489451946,67.753301372122365],[-115.740563448439559,67.751347396910688],[-115.588254748312011,67.750926324652852],[-115.445813389069286,67.752038155348856],[-115.313239370711401,67.754682888998701],[-115.190532693238367,67.758860525602373],[-115.077693356650173,67.764571065159899],[-114.974721360946802,67.77181450767128],[-114.881616706128256,67.780590853136488],[-114.798379392194533,67.790900101555536],[-114.72500941914565,67.802742252928425],[-114.653117662377511,67.813544776573892],[-114.582704121890117,67.823307672491921],[-114.513768797683468,67.832030940682543],[-114.446311689757565,67.839714581145714],[-114.380332798112391,67.846358593881476],[-114.315832122747992,67.851962978889816],[-114.252809663664294,67.856527736170719],[-114.191265420861328,67.860052865724199],[-114.13119939433912,67.862538367550258],[-114.072611584097658,67.863984241648865],[-114.015501990136926,67.864390488020064],[-113.959870612456939,67.863757106663826],[-113.905717451057697,67.862084097580166],[-113.853042505939214,67.859371460769069],[-113.801845777101448,67.855619196230563],[-113.752127264544413,67.850827303964607],[-113.703886968268137,67.844995783971243],[-113.657124888272605,67.838124636250456],[-113.611841024557805,67.830213860802232],[-113.568035377123735,67.821263457626586],[-113.525707945970424,67.811273426723517],[-113.484858731097844,67.800243768092997],[-113.44548773250601,67.788174481735069],[-113.407594950194948,67.775065567649705],[-113.371180384164603,67.760917025836918],[-113.336244034414975,67.745728856296694],[-113.302785900946105,67.729501059029062],[-113.270805983757981,67.712233634033979],[-113.240304282850587,67.693926581311487],[-113.211280798223925,67.674579900861573],[-113.183735529878021,67.654193592684223],[-113.157668477812877,67.63276765677945],[-113.123418498167595,67.611523389130525],[-113.08098559094222,67.590460789737449],[-113.030369756136722,67.569579858600221],[-112.971570993751115,67.548880595718856],[-112.9045893037854,67.528363001093339],[-112.829424686239562,67.508027074723671],[-112.746077141113616,67.487872816609865],[-112.654546668407562,67.467900226751922],[-112.554833268121399,67.448109305149814],[-112.4469369402551,67.428500051803567],[-112.33085768480872,67.40907246671317],[-112.206595501782232,67.38982654987862],[-112.074150391175621,67.370762301299933],[-111.933522352988902,67.351879720977081],[-111.784711387222075,67.333178808910105],[-111.627717493875153,67.314659565098964],[-111.462540672948109,67.296321989543685],[-111.289180924440927,67.278166082244269],[-111.107638248353652,67.260191843200687],[-110.917912644686254,67.242399272412953],[-110.720004113438762,67.224788369881082],[-110.513912654611161,67.207359135605074],[-110.299638268203438,67.1901115695849],[-110.077180954215621,67.173045671820589],[-109.84654071264768,67.156161442312126],[-109.60771754349966,67.139458881059511],[-109.360711446771489,67.122937988062759],[-109.105522422463196,67.106598763321855],[-108.842150470574808,67.0904412068368],[-108.570595591106326,67.074465318607622],[-108.290857784057721,67.058671098634278],[-108.002937049428994,67.043058546916797],[-107.716719578130153,67.026520572081807],[-107.432205370161171,67.009057174129339],[-107.149394425522061,66.990668353059348],[-106.868286744212824,66.971354108871878],[-106.58888232623346,66.951114441566915],[-106.311181171583954,66.929949351144444],[-106.03518328026432,66.907858837604465],[-105.760888652274559,66.884842900947007],[-105.488297287614657,66.860901541172041],[-105.217409186284627,66.836034758279581],[-104.948224348284469,66.810242552269628],[-104.680742773614185,66.783524923142195],[-104.414964462273772,66.755881870897241],[-104.150889414263219,66.727313395534807],[-103.888517629582537,66.697819497054866],[-103.627849108231743,66.667400175457431],[-103.368883850210807,66.636055430742502],[-103.111621855519729,66.603785262910066],[-102.856063124158538,66.57058967196015],[-102.602207656127206,66.536468657892712],[-102.350055451425732,66.501422220707795],[-102.099606510054144,66.465450360405384],[-101.850860832012415,66.42855307698548],[-101.603818417300573,66.390730370448068],[-101.358479265918575,66.351982240793177],[-101.114843377866464,66.312308688020778],[-100.872910753144211,66.271709712130871],[-100.632681391751831,66.230185313123471],[-100.394155293689323,66.187735490998591],[-100.157332458956674,66.144360245756189],[-99.922212887553911,66.100059577396308],[-99.688796579481007,66.05483348591892],[-99.461909726509248,66.010677445048827],[-99.241552328638619,65.96759145478606],[-99.027724385869107,65.925575515130561],[-98.820425898200739,65.884629626082386],[-98.619656865633516,65.84475378764148],[-98.425417288167381,65.805947999807898],[-98.237707165802419,65.768212262581599],[-98.056526498538574,65.731546575962611],[-97.881875286375859,65.695950939950919],[-97.713753529314289,65.661425354546509],[-97.552161227353864,65.62796981974941],[-97.397098380494555,65.595584335559593],[-97.248564988736376,65.564268901977087],[-97.106561052079343,65.534023519001877],[-96.971086570523426,65.504848186633978],[-96.842141544068653,65.476742904873362],[-96.719725972715011,65.449707673720056],[-96.6038398564625,65.423742493174046],[-96.494483195311133,65.398847363235319],[-96.391655989260883,65.375022283903903],[-96.295358238311778,65.352267255179783],[-96.205589942463803,65.330582277062945],[-96.122351101716959,65.309967349553432],[-96.045641716071231,65.290422472651201],[-95.975461785526647,65.271947646356267],[-95.911811310083209,65.254542870668644],[-95.854690289740915,65.238208145588317],[-95.804098724499738,65.222943471115286],[-95.760036614359706,65.208748847249552],[-95.722503959320761,65.195624273991115],[-95.69150075938299,65.183569751339974],[-95.667027014546335,65.172585279296129],[-95.642903108763278,65.160105850005451],[-95.619129042033876,65.146131463467924],[-95.595704814358044,65.130662119683564],[-95.572630425735838,65.113697818652369],[-95.54990587616723,65.095238560374327],[-95.527531165652221,65.07528434484945],[-95.505506294190823,65.05383517207774],[-95.483831261783024,65.030891042059196],[-95.462506068428851,65.006451954793789],[-95.441530714128263,64.980517910281563],[-95.420905198881286,64.953088908522489],[-95.400629522687936,64.92416494951658],[-95.380703685548184,64.893746033263824],[-95.361127687462016,64.861832159764248],[-95.341901528429489,64.828423329017809],[-95.323025208450559,64.793519541024537],[-95.304498727525228,64.757120795784431],[-95.286322085653509,64.719227093297476],[-95.268495282835403,64.679838433563688],[-95.251018319070894,64.638954816583066],[-95.233891194359998,64.596576242355596],[-95.217113908702714,64.552702710881306],[-95.200686462099043,64.507334222160168],[-95.184608854548969,64.460470776192167],[-95.168881086052494,64.412112372977347],[-95.153503156609631,64.362259012515693],[-95.13847506622038,64.310910694807191],[-95.123796814884741,64.258067419851855],[-95.109468402602701,64.203729187649685],[-95.095489829374273,64.147895998200653],[-95.081861095199457,64.090567851504801],[-95.068582200078239,64.031744747562101],[-95.054450951382094,63.974429168725734],[-95.039467349111021,63.918621114995695],[-95.023631393265021,63.864320586371988],[-95.006943083844092,63.811527582854609],[-94.989402420848222,63.760242104443563],[-94.971009404277439,63.710464151138851],[-94.951764034131713,63.662193722940465],[-94.93166631041106,63.615430819848413],[-94.91071623311548,63.570175441862688],[-94.888913802244957,63.526427588983296],[-94.866259017799521,63.484187261210231],[-94.842751879779144,63.443454458543499],[-94.818392388183852,63.404229180983094],[-94.793180543013619,63.366511428529016],[-94.767116344268459,63.330301201181271],[-94.740199791948385,63.29559849893986],[-94.712430886053369,63.262403321804776],[-94.683809626583397,63.230715669776018],[-94.654336013538526,63.200535542853601],[-94.624010046918727,63.171862941037517],[-94.592831726724,63.14469786432776],[-94.560801052954332,63.119040312724323],[-94.527918025609736,63.094890286227219],[-94.494182644690213,63.072247784836449],[-94.459594910195761,63.051112808552006],[-94.424154822126383,63.031485357373889],[-94.387862380482062,63.013365431302105],[-94.3507175852628,62.996753030336663],[-94.312720436468624,62.98164815447754],[-94.273870934099506,62.968050803724751],[-94.234169078155475,62.955960978078295],[-94.193614868636558,62.945378677538159],[-94.153749489716745,62.930787111459516],[-94.114572941396091,62.912186279842352],[-94.076085223674596,62.889576182686667],[-94.038286336552233,62.862956819992469],[-94.001176280029057,62.83232819175975],[-93.964755054105026,62.797690297988517],[-93.929022658780156,62.759043138678763],[-93.893979094054458,62.716386713830495],[-93.859624359927892,62.669721023443714],[-93.8259584564005,62.619046067518411],[-93.792981383472267,62.564361846054581],[-93.76069314114315,62.505668359052251],[-93.729093729413222,62.442965606511393],[-93.698183148282453,62.376253588432007],[-93.667961397750844,62.305532304814122],[-93.638428477818366,62.230801755657723],[-93.609584388485061,62.152061940962795],[-93.581429129750916,62.069312860729354],[-93.553962701615916,61.982554514957393],[-93.527185104080075,61.891786903646917],[-93.501096337143395,61.797010026797921],[-93.475696400805859,61.698223884410403],[-93.450985295067483,61.595428476484372],[-93.42696301992828,61.488623803019827],[-93.403629575388209,61.377809864016761],[-93.380984961447297,61.262986659475175],[-93.359029178105544,61.144154189395081],[-93.337762225362951,61.02131245377646],[-93.317184103219518,60.894461452619325],[-93.297294811675229,60.76360118592369],[-93.2780943507301,60.628731653689513],[-93.259582720384131,60.489852855916823],[-93.242689151002821,60.352470036317875],[-93.227413642586157,60.216583194892664],[-93.213756195134181,60.082192331641188],[-93.201716808646864,59.949297446563463],[-93.191295483124208,59.817898539659467],[-93.182492218566182,59.687995610929207],[-93.175307014972844,59.55958866037269],[-93.169739872344167,59.432677687989909],[-93.165790790680148,59.307262693780871],[-93.163459769980776,59.183343677745562],[-93.162746810246077,59.060920639883996],[-93.163651911476038,58.93999358019618],[-93.166175073670658,58.820562498682094],[-93.170316296829952,58.702627395341736],[-93.176075580953892,58.586188270175121],[-93.183452926042506,58.47124512318225],[-93.192448332095779,58.357797954363107],[-93.203061799113698,58.245846763717708],[-93.215293327096276,58.135391551246052],[-93.229142916043543,58.026432316948132],[-93.244610565955455,57.918969060823954],[-93.261696276832012,57.813001782873506],[-93.280400048673243,57.708530483096801],[-93.300721881479149,57.605555161493839],[-93.322661775249699,57.504075818064607],[-93.346219729984909,57.404092452809117],[-93.371395745684794,57.305605065727363],[-93.398189822349323,57.208613656819345],[-93.426601959978512,57.113118226085071],[-93.456632158572376,57.019118773524532],[-93.488280418130898,56.92661529913773],[-93.521546738654081,56.835607802924663],[-93.553104574319207,56.745750067990258],[-93.582953925126333,56.657042094334507],[-93.611094791075374,56.569483881957417],[-93.63752717216633,56.483075430858989],[-93.662251068399286,56.397816741039207],[-93.685266479774185,56.313707812498095],[-93.706573406291056,56.230748645235636],[-93.726171847949871,56.148939239251831],[-93.744061804750629,56.068279594546681],[-93.76024327669333,55.988769711120199],[-93.774716263778004,55.910409588972364],[-93.787480766004634,55.833199228103183],[-93.798536783373208,55.757138628512664],[-93.80788431588374,55.682227790200805],[-93.815523363536229,55.608466713167601],[-93.821453926330662,55.535855397413059],[-93.825676004267052,55.46439384293717],[-93.8281895973454,55.394082049739936],[-93.828994705565705,55.324920017821363],[-93.828091328927968,55.256907747181444],[-93.82547946743216,55.190045237820186],[-93.821159121078338,55.12433248973759],[-93.815130289866445,55.059769502933648],[-93.80739297379651,54.996356277408353],[-93.797947172868533,54.934092813161726],[-93.786792887082512,54.872979110193754],[-93.773930116438436,54.813015168504435],[-93.759358860936317,54.754200988093778],[-93.743079120576169,54.696536568961776],[-93.725090895357937,54.640021911108434],[-93.705394185281676,54.584657014533747],[-93.683988990347387,54.530441879237728],[-93.659979066671895,54.476956795331184],[-93.633364414255226,54.424201762814107],[-93.604145033097396,54.372176781686527],[-93.572320923198376,54.320881851948428],[-93.537892084558166,54.270316973599805],[-93.500858517176781,54.22048214664067],[-93.461220221054219,54.171377371071017],[-93.418977196190497,54.123002646890853],[-93.37412944258557,54.075357974100172],[-93.326676960239482,54.028443352698964],[-93.276619749152204,53.982258782687239],[-93.223957809323736,53.936804264064996],[-93.168691140754106,53.892079796832235],[-93.110819743443273,53.848085380988962],[-93.050343617391263,53.804821016535165],[-92.987262762598107,53.762286703470856],[-92.921577179063746,53.72048244179603],[-92.853286866788181,53.679408231510678],[-92.782391825771469,53.639064072614815],[-92.708892056013582,53.599449965108434],[-92.63278755751449,53.560565908991535],[-92.554078330274251,53.522411904264104],[-92.472764374292822,53.484987950926175],[-92.388845689570218,53.448294048977729],[-92.302322276106423,53.412330198418758],[-92.213194133901439,53.377096399249275],[-92.121461262955279,53.342592651469268],[-92.027123663267957,53.308818955078742],[-91.930181334839432,53.275775310077698],[-91.830634277669731,53.243461716466143],[-91.728482491758854,53.21187817424407],[-91.62372597710683,53.181024683411472],[-91.518594731024791,53.148777446262095],[-91.413088753512767,53.115136462795931],[-91.307208044570785,53.080101733012974],[-91.200952604198832,53.04367325691323],[-91.094322432396893,53.0058510344967],[-90.987317529164969,52.966635065763391],[-90.879937894503087,52.926025350713296],[-90.772183528411233,52.884021889346407],[-90.664054430889394,52.840624681662739],[-90.555550601937568,52.795833727662277],[-90.446672041555757,52.749649027345029],[-90.337418749743975,52.702070580710995],[-90.227790726502221,52.653098387760174],[-90.117787971830495,52.602732448492567],[-90.007410485728798,52.550972762908174],[-89.8966582681971,52.497819331006994],[-89.785531319235432,52.443272152789028],[-89.674029638843791,52.387331228254276],[-89.562153227022165,52.329996557402737],[-89.449902083770567,52.271268140234412],[-89.337276209088998,52.2111459767493],[-89.224275602977457,52.149630066947402],[-89.110900265435944,52.086720410828711],[-88.997150196464446,52.022417008393241],[-88.883025396062976,51.956719859640977],[-88.76852586423152,51.889628964571926],[-88.653651600970079,51.821144323186097],[-88.53840260627868,51.751265935483488],[-88.422778880157296,51.679993801464086],[-88.306780422605925,51.60732792112789],[-88.190407233624597,51.533268294474908],[-88.073659313213284,51.45781492150514],[-87.958183170259161,51.384941975836519],[-87.843978804762202,51.314649457469045],[-87.731046216722476,51.246937366402719],[-87.619385406139941,51.181805702637526],[-87.508996373014583,51.11925446617348],[-87.39987911734643,51.059283657010582],[-87.292033639135454,51.001893275148824],[-87.185459938381669,50.947083320588213],[-87.08015801508509,50.89485379332875],[-86.976127869245701,50.845204693370427],[-86.873369500863504,50.798136020713251],[-86.771882909938483,50.753647775357216],[-86.671668096470654,50.711739957302321],[-86.572725060460044,50.67241256654858],[-86.475053801906611,50.635665603095973],[-86.378654320810369,50.601499066944513],[-86.283526617171333,50.5699129580942],[-86.189670690989487,50.540907276545028],[-86.097086542264833,50.514482022297003],[-86.005774170997356,50.490637195350125],[-85.915733577187069,50.469372795704388],[-85.826964760834002,50.450688823359791],[-85.739467721938098,50.434585278316341],[-85.653242460499399,50.421062160574039],[-85.568288976517906,50.410119470132877],[-85.484607269993575,50.401757206992862],[-85.402197340926463,50.395975371153995],[-85.321059189316543,50.392773962616253],[-85.241192815163799,50.392152981379667],[-85.162598218468247,50.394112427444242],[-85.085275399229886,50.398652300809943],[-85.009224357448744,50.405772601476784],[-84.935495021979136,50.412021642143898],[-84.864087392821091,50.417399422811286],[-84.795001469974622,50.421905943478933],[-84.72823725343973,50.425541204146839],[-84.663794743216386,50.428305204815018],[-84.601673939304604,50.430197945483471],[-84.541874841704384,50.431219426152182],[-84.484397450415742,50.431369646821167],[-84.429241765438647,50.430648607490411],[-84.376407786773129,50.429056308159922],[-84.325895514419173,50.426592748829705],[-84.277704948376766,50.423257929499748],[-84.231836088645935,50.419051850170064],[-84.188288935226666,50.413974510840639],[-84.14706348811896,50.408025911511487],[-84.10815974732283,50.401206052182602],[-84.071577712838248,50.393514932853975],[-84.037317384665229,50.384952553525636],[-84.005378762803787,50.375518914197542],[-83.975761847253892,50.365214014869721],[-83.948466638015574,50.354037855542174],[-83.923493135088819,50.341990436214871],[-83.900841338473626,50.329071756887856],[-83.880511248169981,50.3152818175611],[-83.862502864177912,50.300620618234611],[-83.846816186497421,50.285088158908394],[-83.833451215128477,50.268684439582437],[-83.822407950071096,50.251409460256752],[-83.813686391325291,50.233263220931327],[-83.80728653889102,50.214245721606169],[-83.80320839276834,50.194356962281276],[-83.801451952957223,50.17359694295665],[-83.796787073113777,50.153286929119062],[-83.789213753238002,50.133426920768514],[-83.778731993329899,50.114016917905005],[-83.765341793389467,50.095056920528528],[-83.749043153416721,50.07654692863909],[-83.729836073411661,50.058486942236698],[-83.707720553374259,50.040876961321331],[-83.682696593304541,50.023716985893017],[-83.654764193202482,50.007007015951729],[-83.623923353068122,49.990747051497479],[-83.590174072901434,49.974937092530269],[-83.553516352702403,49.959577139050097],[-83.513950192471071,49.944667191056958],[-83.471475592207398,49.930207248550857],[-83.42609255191141,49.916197311531789],[-83.377801071583093,49.90263737999976],[-83.326601151222448,49.88952745395477],[-83.272492790829489,49.876867533396819],[-83.215475990404187,49.864657618325907],[-83.155550749946585,49.852897708742027],[-83.09271706945664,49.841587804645187],[-83.026974948934367,49.830727906035399],[-82.958324388379793,49.820318012912637],[-82.886765387792877,49.810358125276892],[-82.812297947173647,49.800848243128208],[-82.734922066522074,49.791788366466562],[-82.654637745838187,49.783178495291949],[-82.571444985121985,49.775018629604368],[-82.485343784373455,49.767308769403826],[-82.396334143592597,49.760048914690316],[-82.30441606277941,49.753239065463852],[-82.209589541933894,49.746879221724427],[-82.116516023298487,49.742909722972342],[-82.025195506873189,49.741330569207598],[-81.93562799265797,49.742141760430201],[-81.847813480652874,49.745343296640158],[-81.761751970857858,49.750935177837455],[-81.677443463272965,49.7589174040221],[-81.594887957898152,49.769289975194084],[-81.514085454733461,49.782052891353416],[-81.435035953778865,49.797206152500095],[-81.357739455034348,49.814749758634122],[-81.282195958499955,49.834683709755488],[-81.208405464175655,49.857008005864188],[-81.13636797206145,49.881722646960249],[-81.066083482157367,49.908827633043657],[-80.997551994463365,49.938322964114406],[-80.930773508979456,49.970208640172494],[-80.86574802570567,50.00448466121793],[-80.802475544641965,50.04115102725072],[-80.740956065788382,50.080207738270843],[-80.681189589144878,50.121654794278314],[-80.623176114711498,50.165492195273131],[-80.566915642488198,50.211719941255296],[-80.512408172475006,50.260338032224809],[-80.459653704671922,50.311346468181654],[-80.408652239078918,50.364745249125853],[-80.359403775696023,50.4205343750574],[-80.311908314523237,50.478713845976287],[-80.266165855560544,50.539283661882521],[-80.22217639880796,50.602243822776103],[-80.179939944265485,50.667594328657025],[-80.139456491933103,50.735335179525293],[-80.100726041810802,50.805466375380902],[-80.061462011139113,50.874246428055663],[-80.021664399918009,50.941675337549562],[-79.98133320814749,51.007753103862605],[-79.940468435827569,51.072479726994793],[-79.899070082958218,51.135855206946125],[-79.85713814953948,51.197879543716596],[-79.814672635571299,51.258552737306211],[-79.77167354105373,51.31787478771497],[-79.728140865986731,51.375845694942868],[-79.684074610370345,51.43246545898991],[-79.63947477420453,51.487734079856097],[-79.594341357489313,51.541651557541421],[-79.54867436022468,51.59421789204589],[-79.502473782410647,51.645433083369518],[-79.455739624047183,51.695297131512277],[-79.408471885134318,51.743810036474173],[-79.360670565672052,51.790971798255214],[-79.312335665660356,51.836782416855407],[-79.263467185099259,51.881241892274737],[-79.214065123988746,51.924350224513212],[-79.164129482328832,51.966107413570825],[-79.113660260119488,52.006513459447589],[-79.062657457360757,52.045568362143491],[-79.011121074052596,52.083272121658538],[-78.959051110195048,52.119624737992723],[-78.906447565788056,52.154626211146059],[-78.853310440831677,52.188276541118533],[-78.799639735325869,52.220575727910145],[-78.745435449270659,52.251523771520908],[-78.690697582666047,52.281120671950809],[-78.635426135512006,52.309366429199855],[-78.579621107808563,52.336261043268053],[-78.52372474040655,52.362107168817474],[-78.467737033305994,52.386904805848133],[-78.411657986506867,52.410653954360029],[-78.355487600009155,52.433354614353142],[-78.299225873812901,52.455006785827507],[-78.242872807918104,52.475610468783103],[-78.186428402324736,52.495165663219929],[-78.129892657032798,52.513672369137993],[-78.073265572042317,52.531130586537294],[-78.016547147353236,52.547540315417827],[-77.959737382965614,52.56290155577959],[-77.902836278879448,52.577214307622583],[-77.845843835094698,52.590478570946814],[-77.788760051611391,52.602694345752283],[-77.731584928429527,52.61386163203899],[-77.674318465549078,52.623980429806934],[-77.616960662970087,52.63305073905611],[-77.559511520692553,52.641072559786515],[-77.501971038716434,52.648045891998152],[-77.444339217041758,52.653970735691018],[-77.386616055668526,52.658847090865123],[-77.328801554596708,52.662674957520473],[-77.270895713826349,52.665454335657053],[-77.212898533357446,52.667185225274864],[-77.154810013189959,52.667867626373912],[-77.096630153323915,52.667501538954191],[-77.038358953759314,52.666086963015708],[-76.979996414496128,52.663623898558455],[-76.9215425355344,52.660112345582441],[-76.862997316874129,52.655552304087657],[-76.804360758515273,52.649943774074103],[-76.74563286045786,52.643286755541801],[-76.68778396270298,52.635035400359016],[-76.630814065250632,52.625189708525738],[-76.574723168100832,52.613749680042005],[-76.519511271253549,52.600715314907802],[-76.465178374708813,52.586086613123115],[-76.411724478466596,52.569863574687957],[-76.359149582526925,52.552046199602323],[-76.307453686889801,52.532634487866218],[-76.256636791555195,52.511628439479637],[-76.206698896523122,52.489028054442578],[-76.157640001793595,52.464833332755049],[-76.109460107366573,52.43904427441705],[-76.062159213242111,52.411660879428574],[-76.015737319420182,52.382683147789614],[-75.970194425900786,52.35211107950019],[-75.925530532683922,52.31994467456029],[-75.881745639769591,52.286183932969912],[-75.838839747157792,52.250828854729065],[-75.796812854848525,52.21387943983774],[-75.75566496284182,52.175335688295938],[-75.715396071137619,52.135197600103666],[-75.67600617973595,52.093465175260924],[-75.637495288636813,52.050138413767698],[-75.599863397840238,52.005217315624009],[-75.563110507346181,51.958701880829842],[-75.527236617154642,51.910592109385192],[-75.49224172726565,51.860888001290078],[-75.458125837679205,51.809589556544495],[-75.424888948395278,51.756696775148427],[-75.392531059413898,51.702209657101882],[-75.36105217073505,51.646128202404867],[-75.330452282358721,51.588452411057382],[-75.296378543452136,51.531896003257664],[-75.258830954015252,51.476458979005713],[-75.217809514048099,51.422141338301543],[-75.173314223550676,51.36894308114514],[-75.125345082522969,51.316864207536504],[-75.073902090964978,51.265904717475635],[-75.018985248876717,51.216064610962533],[-74.960594556258172,51.167343887997212],[-74.898730013109358,51.119742548579659],[-74.833391619430259,51.073260592709872],[-74.764579375220876,51.027898020387859],[-74.692293280481223,50.983654831613613],[-74.616533335211287,50.940531026387134],[-74.53729953941108,50.898526604708437],[-74.45459189308059,50.857641566577499],[-74.368410396219815,50.817875911994321],[-74.278755048828771,50.779229640958931],[-74.185625850907456,50.741702753471301],[-74.089022802455844,50.705295249531446],[-73.988945903473976,50.670007129139364],[-73.885395153961809,50.635838392295057],[-73.778370553919387,50.602789038998509],[-73.667872103346667,50.570859069249735],[-73.553899802243649,50.540048483048736],[-73.436453650610389,50.510357280395496],[-73.315533648446831,50.481785461290031],[-73.191139795753003,50.454333025732339],[-73.063272092528905,50.427999973722414],[-72.931930538774509,50.402786305260264],[-72.797115134489871,50.378692020345888],[-72.658825879674936,50.355717118979278],[-72.517062774329702,50.333861601160429],[-72.377124828318188,50.315990248359192],[-72.239012041640393,50.302103060575568],[-72.102724414296276,50.292200037809536],[-71.968261946285864,50.28628118006111],[-71.835624637609158,50.284346487330296],[-71.704812488266143,50.286395959617082],[-71.575825498256833,50.292429596921465],[-71.448663667581229,50.302447399243462],[-71.323326996239317,50.316449366583065],[-71.199815484231124,50.334435498940266],[-71.078129131556622,50.356405796315073],[-70.958267938215812,50.382360258707493],[-70.840231904208721,50.412298886117512],[-70.724021029535322,50.446221678545129],[-70.609635314195629,50.484128635990352],[-70.497074758189655,50.526019758453188],[-70.386339361517372,50.571895045933623],[-70.277429124178781,50.621754498431663],[-70.170344046173881,50.675598115947309],[-70.065084127502701,50.733425898480554],[-69.961649368165212,50.795237846031405],[-69.860039768161414,50.861033958599869],[-69.760255327491336,50.930814236185924],[-69.662296046154978,51.004578678789592],[-69.566161924152297,51.082327286410866],[-69.471852961483322,51.164060059049746],[-69.379369158148052,51.249776996706224],[-69.288710514146459,51.339478099380301],[-69.199877029478586,51.433163367071991],[-69.112868704144432,51.530832799781287],[-69.027685538143956,51.632486397508188],[-68.944327531477185,51.738124160252696],[-68.860454576231703,51.841240113159685],[-68.776066672407495,51.941834256229157],[-68.691163820004576,52.039906589461118],[-68.605746019022945,52.135457112855576],[-68.519813269462588,52.228485826412516],[-68.433365571323492,52.318992730131946],[-68.346402924605698,52.406977824013865],[-68.258925329309164,52.492441108058266],[-68.170932785433934,52.575382582265156],[-68.082425292979963,52.655802246634536],[-67.99340285194728,52.733700101166399],[-67.903865462335887,52.80907614586075],[-67.813813124145767,52.881930380717591],[-67.723245837376936,52.952262805736915],[-67.632163602029379,53.020073420918727],[-67.540566418103097,53.08536222626303],[-67.448454285598103,53.148129221769814],[-67.355827204514384,53.208374407439095],[-67.262685174851953,53.266097783270858],[-67.16902819661081,53.321299349265104],[-67.074856269790928,53.373979105421846],[-66.980169394392334,53.42413705174107],[-66.884967570415029,53.471773188222784],[-66.789250797858983,53.516887514866987],[-66.693019076724227,53.559480031673672],[-66.596272407010758,53.599550738642847],[-66.499010788718579,53.637099635774511],[-66.401234221847659,53.672126723068658],[-66.302942706398028,53.704632000525294],[-66.204136242369685,53.734615468144419],[-66.104814829762603,53.762077125926027],[-66.004978468576837,53.787016973870131],[-65.905254171216967,53.810444225646542],[-65.805641937683006,53.832358881255253],[-65.70614176797497,53.852760940696278],[-65.606753662092871,53.871650403969618],[-65.507477620036667,53.889027271075264],[-65.408313641806402,53.90489154201321],[-65.309261727402045,53.919243216783478],[-65.210321876823599,53.932082295386053],[-65.111494090071091,53.943408777820935],[-65.012778367144492,53.953222664088123],[-64.914174708043817,53.961523954187626],[-64.815683112769065,53.968312648119436],[-64.717303581320223,53.973588745883553],[-64.619036113697305,53.977352247479985],[-64.520880709900311,53.979603152908723],[-64.422837369929226,53.980341462169768],[-64.324906093784065,53.979567175263121],[-64.227086881464828,53.977280292188794],[-64.129379732971501,53.973480812946768],[-64.031784648304097,53.968168737537049],[-63.934301627462617,53.961344065959644],[-63.836930670447046,53.953006798214552],[-63.739671777257399,53.943156934301761],[-63.642524947893676,53.931794474221277],[-63.545490182355863,53.918919417973107],[-63.448567480643973,53.904531765557245],[-63.351756842758,53.888631516973689],[-63.255058268697944,53.871218672222447],[-63.158471758463818,53.852293231303513],[-63.06199731205561,53.831855194216885],[-62.96563492947331,53.809904560962572],[-62.869384610716935,53.786441331540566],[-62.771922597422204,53.764388864030039],[-62.673248889589132,53.743747158430999],[-62.573363487217719,53.724516214743431],[-62.472266390307979,53.706696032967344],[-62.36995759885987,53.690286613102735],[-62.266437112873419,53.675287955149606],[-62.161704932348613,53.661700059107957],[-62.055761057285466,53.649522924977788],[-61.948605487683977,53.638756552759105],[-61.840238223544148,53.629400942451895],[-61.730659264865963,53.621456094056171],[-61.61986861164943,53.614922007571927],[-61.507866263894556,53.609798682999156],[-61.394652221601341,53.606086120337871],[-61.28022648476977,53.603784319588065],[-61.164589053399858,53.602893280749733],[-61.047739927491598,53.603413003822887],[-60.92967910704499,53.60534348880752],[-60.810406592060041,53.608684735703626],[-60.689922382536743,53.613436744511219],[-60.568226478475097,53.619599515230291],[-60.44531887987511,53.627173047860836],[-60.321199586736775,53.636157342402868],[-60.195868599060091,53.646552398856393],[-60.069325916845067,53.658358217221384],[-59.941571540091687,53.671574797497854],[-59.812605468799966,53.686202139685797],[-59.682427702969903,53.702240243785226],[-59.551038242601493,53.719689109796136],[-59.418437087694734,53.738548737718517],[-59.284624238249627,53.758819127552385],[-59.149599694266172,53.78050027929774],[-59.01671760364075,53.800451022226341],[-58.885977966373346,53.8186713563382],[-58.757380782463969,53.835161281633319],[-58.630926051912617,53.849920798111697],[-58.506613774719291,53.862949905773334],[-58.384443950883991,53.874248604618224],[-58.264416580406717,53.883816894646372],[-58.146531663287469,53.891654775857781],[-58.030789199526247,53.897762248252441],[-57.91718918912305,53.902139311830361],[-57.805731632077872,53.904785966591547],[-57.696416528390728,53.905702212535978],[-57.589243878061609,53.904888049663676],[-57.484213681090516,53.902343477974625],[-57.381325937477442,53.898068497468834],[-57.280580647222394,53.892063108146296],[-57.181977810325378,53.884327310007016],[-57.085517426786382,53.874861103050996],[-56.991199496605411,53.863664487278236],[-56.899024019782473,53.850737462688727],[-56.808990996317554,53.836080029282478],[-56.721100426210661,53.819692187059488],[-56.635352309461794,53.80157393601975],[-56.551746646070946,53.781725276163279],[-56.470283436038123,53.76014620749006],[-56.390962679363327,53.736836730000093],[-56.313784376046563,53.711796843693392],[-56.238748526087818,53.685026548569944],[-56.165855129487106,53.656525844629755],[-56.09510418624442,53.626294731872825],[-56.02649569635976,53.594333210299148],[-55.960029659833118,53.560641279908729],[-55.896380897321855,53.527487101616956],[-55.835549408825962,53.494870675423819],[-55.77753519434544,53.462792001329326],[-55.722338253880295,53.431251079333478],[-55.669958587430521,53.400247909436267],[-55.620396194996125,53.3697824916377],[-55.5736510765771,53.339854825937778],[-55.529723232173438,53.310464912336492],[-55.488612661785155,53.281612750833851],[-55.450319365412255,53.253298341429854],[-55.414843343054727,53.225521684124494],[-55.382184594712562,53.198282778917779],[-55.352343120385783,53.171581625809708],[-55.325318920074366,53.145418224800267],[-55.301111993778328,53.119792575889477],[-55.279722341497667,53.094704679077324],[-55.26114996323237,53.070154534363809],[-55.245394858982451,53.046142141748959],[-55.232457028747909,53.022667501232732],[-55.222336472528738,52.999730612815156],[-55.215033190324931,52.977331476496218],[-55.210547182136516,52.955470092275917],[-55.208878447963464,52.93414646015426],[-55.21002698780579,52.91336058013124],[-55.21399280166348,52.893112452206871],[-55.220775889536547,52.873402076381133],[-55.230376251424993,52.854229452654046],[-55.242793887328816,52.835594581025603],[-55.258028797248002,52.817497461495797],[-55.276080981182574,52.799938094064629],[-55.296950439132509,52.782916478732105],[-55.320637171097808,52.766432615498232],[-55.342638634054723,52.750146238450512],[-55.362954828003254,52.734057347588951],[-55.38158575294338,52.718165942913558],[-55.398531408875122,52.702472024424317],[-55.413791795798467,52.686975592121243],[-55.427366913713414,52.671676646004329],[-55.439256762619962,52.656575186073567],[-55.449461342518127,52.641671212328944],[-55.457980653407894,52.626964724770502],[-55.464814695289277,52.612455723398242],[-55.469963468162248,52.598144208212119],[-55.473426972026836,52.584030179212164],[-55.475205206883032,52.570113636398375],[-55.475298172730817,52.556394579770725],[-55.473705869570225,52.542873009329256],[-55.470428297401227,52.529548925073939],[-55.465465456223846,52.516422327004776],[-55.458817346038074,52.503493215121793],[-55.450483966843905,52.490761589424949],[-55.440465318641337,52.478227449914272],[-55.428761401430378,52.465890796589761],[-55.415372215211036,52.453751629451389],[-55.400297759983289,52.441809948499198],[-55.383538035747158,52.430065753733174],[-55.365093042502629,52.418519045153296],[-55.344962780249702,52.407169822759577],[-55.323147248988377,52.396018086552019],[-55.299646448718669,52.385063836530627],[-55.274460379440562,52.374307072695387],[-55.247589041154072,52.363747795046315],[-55.219032433859169,52.353386003583395],[-55.188790557555883,52.343221698306635],[-55.160199726788406,52.332884099386604],[-55.13325994155673,52.322373206823272],[-55.107971201860863,52.311689020616676],[-55.084333507700805,52.300831540766794],[-55.062346859076548,52.289800767273633],[-55.042011255988101,52.278596700137193],[-55.023326698435454,52.267219339357467],[-55.006293186418624,52.25566868493447],[-54.990910719937595,52.243944736868187],[-54.977179298992375,52.232047495158625],[-54.965098923582964,52.219976959805777],[-54.954669593709355,52.207733130809643],[-54.945891309371561,52.195316008170238],[-54.938764070569569,52.182725591887532],[-54.933287877303385,52.169961881961569],[-54.929462729573004,52.15702487839232],[-54.927288627378431,52.143914581179786],[-54.926765570719667,52.130630990323979],[-54.927893559596711,52.11717410582488],[-54.930672594009557,52.103543927682502],[-54.935102673958212,52.089740455896845],[-54.941183799442669,52.075763690467909],[-54.948915970462942,52.061613631395687],[-54.958299187019023,52.04729027868018],[-54.969333449110906,52.032793632321393],[-54.98201875673859,52.018123692319335],[-54.996355109902083,52.003280458673999],[-55.012342508601392,51.988263931385376],[-55.029980952836496,51.973074110453474],[-55.049270442607416,51.957710995878287],[-55.070210977914137,51.942174587659814],[-55.092802558756659,51.926464885798062],[-55.113786735517799,51.910915006152123],[-55.133163508197548,51.895524948721985],[-55.150932876795906,51.880294713507659],[-55.167094841312881,51.865224300509141],[-55.181649401748459,51.850313709726429],[-55.194596558102646,51.835562941159523],[-55.205936310375449,51.820971994808417],[-55.215668658566855,51.806540870673118],[-55.223793602676878,51.792269568753632],[-55.23031114270551,51.778158089049953],[-55.235221278652745,51.764206431562087],[-55.238524010518589,51.750414596290021],[-55.240219338303049,51.736782583233762],[-55.240307262006127,51.723310392393302],[-55.238787781627806,51.709998023768662],[-55.235660897168096,51.696845477359815],[-55.230926608627001,51.683852753166782],[-55.224584916004517,51.671019851189556],[-55.216635819300635,51.658346771428143],[-55.207079318515355,51.645833513882529],[-55.195915413648699,51.633480078552722],[-55.183144104700652,51.621286465438715],[-55.168765391671215,51.609252674540528],[-55.15277927456038,51.597378705858134],[-55.135185753368162,51.585664559391553],[-55.115984828094554,51.574110235140793],[-55.095176498739555,51.562715733105826],[-55.072760765303173,51.551481053286665],[-55.048737627785393,51.540406195683317],[-55.023107086186222,51.52949116029577],[-54.995869140505661,51.518735947124028],[-54.967023790743717,51.508140556168101],[-54.939796893131046,51.49737785679423],[-54.914188447667641,51.486447849002417],[-54.890198454353495,51.47535053279266],[-54.867826913188637,51.464085908164961],[-54.847073824173037,51.452653975119325],[-54.827939187306711,51.441054733655733],[-54.810423002589658,51.429288183774212],[-54.794525270021879,51.417354325474747],[-54.780245989603358,51.405253158757333],[-54.767585161334111,51.392984683621982],[-54.756542785214144,51.380548900068689],[-54.747118861243436,51.36794580809746],[-54.739313389422009,51.355175407708288],[-54.733126369749854,51.342237698901165],[-54.728557802226959,51.329132681676107],[-54.725607686853337,51.315860356033106],[-54.724276023628988,51.302420721972162],[-54.724562812553913,51.288813779493282],[-54.726468053628111,51.275039528596452],[-54.729991746851567,51.261097969281685],[-54.735133892224304,51.246989101548976],[-54.741894489746308,51.232712925398317],[-54.750273539417577,51.218269440829729],[-54.760271041238127,51.203658647843191],[-54.771886995207936,51.18888054643871],[-54.785121401327018,51.173935136616294],[-54.799974259595373,51.158822418375934],[-54.816445570013002,51.143542391717631],[-54.834535332579904,51.128095056641385],[-54.854243547296065,51.112480413147196],[-54.875570214161499,51.096698461235064],[-54.898515333176213,51.080749200904989],[-54.919839719413133,51.064985733678164],[-54.939543372872265,51.049408059554594],[-54.957626293553623,51.034016178534273],[-54.974088481457201,51.018810090617201],[-54.988929936582991,51.003789795803371],[-55.002150658930979,50.988955294092797],[-55.013750648501201,50.974306585485479],[-55.023729905293635,50.959843669981396],[-55.032088429308281,50.945566547580576],[-55.038826220545147,50.931475218282998],[-55.043943279004225,50.917569682088669],[-55.047439604685515,50.903849938997588],[-55.049315197589024,50.890315989009757],[-55.04957005771476,50.876967832125175],[-55.048204185062701,50.863805468343848],[-55.045217579632848,50.850828897665771],[-55.04061024142522,50.838038120090943],[-55.034382170439812,50.825433135619356],[-55.026533366676617,50.813013944251026],[-55.017063830135633,50.800780545985944],[-55.005973560816869,50.788732940824104],[-54.993262558720332,50.776871128765521],[-54.978930823845999,50.765195109810193],[-54.962978356193879,50.753704883958108],[-54.945405155763979,50.742400451209271],[-54.926211222556297,50.73128181156369],[-54.905396556570821,50.720348965021358],[-54.882961157807557,50.709601911582268],[-54.858905026266513,50.699040651246435],[-54.833228161947687,50.688665184013843],[-54.805930564851081,50.6784755098845],[-54.777012234976688,50.668471628858413],[-54.749481429960426,50.658213592225593],[-54.723338149802274,50.64770139998604],[-54.698582394502267,50.636935052139748],[-54.675214164060378,50.625914548686737],[-54.65323345847662,50.614639889626979],[-54.632640277750994,50.603111074960495],[-54.613434621883492,50.591328104687278],[-54.595616490874121,50.579290978807336],[-54.579185884722875,50.566999697320654],[-54.564142803429753,50.554454260227239],[-54.550487246994763,50.541654667527084],[-54.538219215417897,50.52860091922021],[-54.527338708699155,50.51529301530659],[-54.517845726838559,50.501730955786243],[-54.509740269836072,50.487914740659171],[-54.503022337691725,50.473844369925359],[-54.497691930405502,50.459519843584815],[-54.493749047977403,50.444941161637537],[-54.491193690407428,50.430108324083527],[-54.490025857695578,50.415021330922798],[-54.490245549841859,50.399680182155322],[-54.491852766846272,50.384084877781106],[-54.494847508708808,50.368235417800165],[-54.499229775429477,50.352131802212497],[-54.504999567008269,50.33577403101809],[-54.512156883445186,50.319162104216957],[-54.520701724740235,50.302296021809092],[-54.530634090893408,50.285175783794479],[-54.541953981904712,50.267801390173148],[-54.554661397774147,50.250172840945083],[-54.5687563385017,50.232290136110279],[-54.584238804087391,50.21415327566875],[-54.596771826565259,50.195317913839155],[-54.606355405935304,50.175784050621488],[-54.612989542197532,50.155551686015762],[-54.616674235351951,50.134620820021972],[-54.617409485398547,50.112991452640117],[-54.615195292337326,50.090663583870203],[-54.610031656168289,50.067637213712217],[-54.601918576891428,50.043912342166166],[-54.590856054506752,50.019488969232057],[-54.576844089014259,49.994367094909876],[-54.559882680413949,49.968546719199644],[-54.539971828705831,49.942027842101339],[-54.517111533889889,49.91481046361497],[-54.491301795966123,49.886894583740549],[-54.462542614934542,49.858280202478049],[-54.430833990795144,49.828967319827484],[-54.396175923547929,49.798955935788861],[-54.358568413192884,49.768246050362173],[-54.31801145973003,49.736837663547419],[-54.274505063159367,49.704730775344608],[-54.22804922348088,49.671925385753724],[-54.17864394069457,49.638421494774775],[-54.126289214800451,49.604219102407768],[-54.070985045798523,49.569318208652689],[-54.012731433688764,49.533718813509552],[-53.951528378471181,49.497420916978356],[-53.887375880145783,49.460424519059089],[-53.820273938712582,49.422729619751749],[-53.75022255417155,49.384336219056351],[-53.677221726522703,49.345244316972895],[-53.601271455766032,49.305453913501367],[-53.522371741901544,49.264965008641781],[-53.445740781969462,49.224582788256697],[-53.371378575969793,49.184307252346088],[-53.299285123902521,49.144138400909995],[-53.229460425767655,49.104076233948419],[-53.161904481565202,49.064120751461317],[-53.096617291295146,49.024271953448718],[-53.033598854957489,48.984529839910607],[-52.972849172552245,48.944894410846999],[-52.914368244079405,48.905365666257893],[-52.858156069538964,48.86594360614329],[-52.804212648930935,48.826628230503182],[-52.752537982255312,48.78741953933757],[-52.703132069512094,48.748317532646453],[-52.655994910701274,48.709322210429832],[-52.61112650582286,48.670433572687713],[-52.568526854876851,48.631651619420097],[-52.528195957863247,48.592976350626984],[-52.490133814782048,48.554407766308358],[-52.454340425633248,48.515945866464236],[-52.420815790416853,48.477590651094587],[-52.389559909132871,48.439342120199456],[-52.360572781781286,48.401200273778826],[-52.333854408362107,48.3631651118327],[-52.309404788875341,48.325236634361062],[-52.287223923320973,48.287414841363926],[-52.26731181169901,48.249699732841279],[-52.249668454009452,48.212091308793134],[-52.234293850252293,48.174589569219492],[-52.221188000427546,48.137194514120345],[-52.210350904535197,48.099906143495687],[-52.201782562575261,48.062724457345539],[-52.19548297454773,48.025649455669893],[-52.190738097181999,47.988840907226887],[-52.187547930478075,47.952298812016537],[-52.185912474435966,47.916023170038848],[-52.185831729055657,47.880013981293814],[-52.187305694337155,47.844271245781435],[-52.190334370280453,47.808794963501704],[-52.194917756885573,47.773585134454628],[-52.2010558541525,47.738641758640206],[-52.208748662081234,47.703964836058439],[-52.217996180671761,47.669554366709328],[-52.228798409924096,47.635410350592871],[-52.241155349838252,47.601532787709068],[-52.255067000414201,47.567921678057921],[-52.270533361651957,47.534577021639429],[-52.287554433551534,47.501498818453584],[-52.306130216112919,47.468687068500401],[-52.326260709336104,47.436141771779866],[-52.347945913221096,47.403862928291986],[-52.371185827767889,47.371850538036767],[-52.395980452976495,47.34010460101419],[-52.422329788846909,47.308625117224274],[-52.450233835379123,47.277412086667013],[-52.479692592573151,47.2464655093424],[-52.510706060428973,47.215785385250449],[-52.543274238946609,47.185371714391152],[-52.577397128126059,47.155224496764504],[-52.613074727967309,47.125343732370517],[-52.650307038470366,47.095729421209185],[-52.689094059635231,47.066381563280501],[-52.72943579146191,47.037300158584472],[-52.771332233950389,47.008485207121097],[-52.814783387100675,46.979936708890385],[-52.862098841048777,46.95191884181564],[-52.913278595794694,46.924431605896871],[-52.968322651338411,46.897475001134069],[-53.02723100767993,46.871049027527228],[-53.090003664819271,46.845153685076369],[-53.156640622756427,46.819788973781478],[-53.227141881491391,46.794954893642561],[-53.301507441024164,46.77065144465962],[-53.379737301354751,46.74687862683264],[-53.461831462483147,46.723636440161634],[-53.547789924409351,46.700924884646604],[-53.63761268713337,46.678743960287548],[-53.731299750655197,46.657093667084453],[-53.828851114974832,46.635974005037347],[-53.930266780092282,46.615384974146195],[-54.035546746007554,46.595326574411018],[-54.144691012720628,46.575798805831823],[-54.257699580231503,46.556801668408582],[-54.374572448540192,46.53833516214133],[-54.495309617646711,46.520399287030045],[-54.619911087551024,46.502994043074736],[-54.748376858253152,46.486119430275387],[-54.880706929753089,46.469775448632014],[-55.016901302050833,46.453962098144615],[-55.156959975146393,46.438679378813184],[-55.30088294903976,46.423927290637728],[-55.448670223730943,46.409705833618247],[-55.600321799219941,46.396015007754727],[-55.75583767550674,46.382854813047189],[-55.915217852591354,46.370225249495618],[-56.078462330473783,46.358126317100016],[-56.245571109154014,46.346558015860396],[-56.414027070409475,46.332469661404843],[-56.58383021424018,46.315861253733374],[-56.754980540646116,46.296732792845987],[-56.927478049627283,46.275084278742668],[-57.101322741183679,46.250915711423431],[-57.276514615315321,46.224227090888292],[-57.453053672022186,46.195018417137206],[-57.630939911304289,46.163289690170203],[-57.810173333161629,46.129040909987282],[-57.990753937594199,46.092272076588443],[-58.172681724602,46.052983189973673],[-58.355956694185039,46.011174250142986],[-58.540578846343308,45.966845257096381],[-58.726548181076808,45.919996210833858],[-58.913864698385545,45.870627111355404],[-59.102528398269513,45.818737958661025],[-59.292539280728718,45.764328752750728],[-59.483897345763154,45.707399493624514],[-59.67660259337282,45.647950181282376],[-59.870655023557717,45.585980815724319],[-60.066054636317858,45.521491396950339],[-60.26280143165323,45.45448192496044],[-60.460895409563832,45.384952399754617],[-60.660336570049665,45.312902821332862],[-60.861124913110729,45.238333189695197],[-61.063260438747037,45.161243504841615],[-61.266743146958575,45.0816337667721],[-61.471573037745344,44.999503975486668],[-61.677750111107351,44.914854130985312],[-61.885274367044588,44.827684233268045],[-62.094145805557062,44.737994282334839],[-62.30436442664476,44.645784278185722],[-62.510052644777772,44.557796585001057],[-62.711210459956092,44.474031202780822],[-62.907837872179726,44.394488131525051],[-63.099934881448675,44.319167371233718],[-63.287501487762931,44.248068921906835],[-63.470537691122502,44.181192783544404],[-63.64904349152738,44.118538956146416],[-63.823018888977572,44.06010743971288],[-63.992463883473079,44.005898234243794],[-64.1573784750139,43.955911339739153],[-64.317762663600007,43.910146756198955],[-64.473616449231443,43.868604483623201],[-64.624939831908179,43.831284522011899],[-64.771732811630244,43.798186871365047],[-64.913995388397595,43.769311531682646],[-65.051727562210274,43.744658502964683],[-65.184929333068254,43.72422778521117],[-65.313600700971548,43.708019378422122],[-65.437741665920157,43.696033282597504],[-65.55735222791408,43.688269497737323],[-65.672432386953318,43.684728023841608],[-65.782982143037856,43.685408860910336],[-65.889001496167708,43.690312008943508],[-65.990490446342847,43.699437467941138],[-66.087448993563328,43.712785237903205],[-66.179877137829095,43.730355318829723],[-66.267774879140191,43.752147710720692],[-66.351142217496601,43.778162413576091],[-66.429979152898312,43.808399427395955],[-66.504285685345337,43.842858752180263],[-66.574061814837663,43.881540387929014],[-66.639307541375317,43.924444334642217],[-66.704478444679893,43.965194660197653],[-66.769574524751391,44.003791364595351],[-66.834595781589826,44.040234447835275],[-66.899542215195197,44.074523909917446],[-66.964413825567476,44.106659750841857],[-67.029210612706692,44.136641970608508],[-67.093932576612843,44.164470569217407],[-67.158579717285903,44.190145546668546],[-67.223152034725913,44.213666902961926],[-67.287649528932846,44.235034638097545],[-67.352072199906701,44.254248752075412],[-67.416420047647506,44.271309244895519],[-67.480693072155233,44.286216116557867],[-67.544891273429883,44.298969367062455],[-67.609014651471455,44.309568996409283],[-67.673063206279977,44.318015004598365],[-67.737036937855407,44.324307391629681],[-67.800935846197774,44.328446157503237],[-67.864759931307063,44.33043130221904],[-67.928509193183288,44.330262825777076],[-67.992183631826435,44.32794072817736],[-68.055783247236519,44.323465009419884],[-68.119308039413539,44.316835669504648],[-68.182758008357467,44.30805270843166],[-68.246133154068332,44.297116126200905],[-68.309433476546133,44.284025922812397],[-68.37265897579087,44.268782098266129],[-68.435809651802515,44.251384652562109],[-68.498885504581111,44.231833585700329],[-68.561886534126614,44.210128897680789],[-68.624812740439054,44.18627058850349],[-68.687664123518431,44.160258658168438],[-68.749302796509113,44.134318163340069],[-68.809728759411087,44.108449104018376],[-68.86894201222438,44.082651480203367],[-68.926942554948965,44.056925291895055],[-68.983730387584856,44.03127053909342],[-69.039305510132053,44.00568722179846],[-69.093667922590555,43.980175340010192],[-69.146817624960335,43.954734893728613],[-69.198754617241448,43.929365882953711],[-69.249478899433868,43.904068307685492],[-69.298990471537593,43.878842167923963],[-69.347289333552595,43.853687463669111],[-69.394375485478918,43.828604194920949],[-69.44024892731656,43.80359236167947],[-69.484909659065494,43.778651963944675],[-69.528357680725719,43.753783001716563],[-69.570592992297264,43.728985474995135],[-69.611615593780101,43.704259383780389],[-69.651425485174258,43.679604728072327],[-69.690022666479706,43.655021507870956],[-69.727407137696474,43.63050972317626],[-69.763578898824534,43.606069373988255],[-69.798537949863899,43.581700460306934],[-69.83228429081457,43.557402982132288],[-69.864817921676547,43.533176939464333],[-69.89613884244983,43.509022332303068],[-69.926247053134404,43.48493916064848],[-69.955142553730298,43.460927424500568],[-69.982825344237483,43.436987123859353],[-70.009295424655988,43.413118258724822],[-70.034552794985785,43.389320829096967],[-70.058597455226902,43.365594834975795],[-70.081146412100651,43.342182186553735],[-70.102199665607046,43.319082883830774],[-70.121757215746086,43.296296926806924],[-70.139819062517788,43.27382431548218],[-70.15638520592212,43.251665049856541],[-70.171455645959085,43.229819129930014],[-70.18503038262871,43.208286555702585],[-70.197109415930996,43.187067327174262],[-70.207692745865913,43.16616144434505],[-70.216780372433462,43.145568907214937],[-70.224372295633671,43.125289715783936],[-70.230468515466541,43.105323870052047],[-70.235069031932042,43.085671370019256],[-70.23817384503019,43.066332215685577],[-70.239782954760983,43.047306407051003],[-70.239896361124437,43.028593944115521],[-70.238514064120523,43.010194826879157],[-70.235636063749268,42.992109055341899],[-70.231262360010646,42.974336629503746],[-70.225392952904656,42.956877549364705],[-70.218027842431326,42.939731814924762],[-70.209167028590656,42.922899426183932],[-70.198810511382618,42.906380383142206],[-70.186958290807212,42.890174685799579],[-70.173610366864466,42.874282334156064],[-70.15876673955438,42.858703328211661],[-70.142427408876927,42.843437667966356],[-70.124592374832105,42.828485353420156],[-70.105261637419943,42.813846384573068],[-70.084435196640442,42.799520761425079],[-70.062113052493572,42.785508483976194],[-70.038295204979335,42.771809552226422],[-70.015221665199931,42.7573485448263],[-69.992892433155362,42.742125461775835],[-69.971307508845598,42.726140303075027],[-69.95046689227064,42.709393068723884],[-69.930370583430516,42.69188375872239],[-69.911018582325227,42.67361237307054],[-69.892410888954743,42.654578911768361],[-69.874547503319064,42.634783374815832],[-69.85742842541822,42.614225762212953],[-69.841053655252196,42.592906073959739],[-69.825423192820978,42.570824310056182],[-69.810537038124608,42.547980470502267],[-69.796395191163029,42.524374555298017],[-69.782997651936284,42.500006564443424],[-69.770344420444346,42.474876497938489],[-69.758435496687241,42.448984355783203],[-69.747270880664956,42.422330137977582],[-69.736850572377477,42.394913844521604],[-69.727174571824833,42.36673547541529],[-69.718242879006993,42.337795030658626],[-69.710055493923974,42.308092510251626],[-69.702612416575775,42.277627914194269],[-69.695913646962396,42.24640124248657],[-69.689959185083865,42.214412495128528],[-69.684749030940125,42.181661672120143],[-69.680283184531206,42.148148773461415],[-69.676561645857106,42.113873799152344],[-69.673584414917826,42.078836749192916],[-69.671351491713366,42.04303762358316],[-69.669862876243727,42.006476422323047],[-69.669118568508907,41.969153145412605],[-69.669118568508907,41.931067792851806],[-69.672825642311778,41.892946087711714],[-69.68023978991755,41.854788029992314],[-69.691361011326165,41.816593619693606],[-69.706189306537681,41.778362856815605],[-69.724724675552054,41.740095741358296],[-69.746967118369326,41.701792273321686],[-69.772916634989457,41.663452452705783],[-69.802573225412473,41.625076279510566],[-69.835936889638361,41.586663753736055],[-69.873007627667135,41.548214875382243],[-69.913785439498781,41.509729644449123],[-69.958270325133299,41.471208060936704],[-70.006462284570688,41.432650124844983],[-70.058361317810977,41.394055836173955],[-70.113967424854124,41.355425194923626],[-70.173280605700157,41.316758201094004],[-70.236300860349075,41.278054854685067],[-70.303028188800852,41.239315155696836],[-70.373462591055528,41.200539104129305],[-70.447604067113048,41.161726699982466],[-70.525452616973467,41.122877943256334],[-70.607008240636759,41.083992833950894],[-70.692270938102922,41.045071372066154],[-70.781240709371986,41.006113557602113],[-70.873917554443892,40.967119390558764],[-70.970301473318699,40.928088870936122],[-71.070392465996363,40.889021998734165],[-71.174190532476914,40.849918773952908],[-71.28169567276035,40.810779196592357],[-71.392907886846643,40.771603266652505],[-71.507827174735837,40.732390984133346],[-71.626453536427903,40.693142349034879],[-71.743204909980946,40.652822264643746],[-71.858081295394967,40.611430730959931],[-71.971082692669967,40.56896774798345],[-72.082209101805944,40.525433315714295],[-72.191460522802899,40.480827434152459],[-72.298836955660832,40.435150103297943],[-72.404338400379743,40.388401323150759],[-72.50796485695966,40.340581093710902],[-72.609716325400527,40.291689414978364],[-72.709592805702385,40.24172628695316],[-72.807594297865222,40.190691709635274],[-72.903720801889023,40.138585683024715],[-72.997972317773815,40.085408207121482],[-73.0903488455196,40.031159281925568],[-73.180850385126348,39.975838907436987],[-73.269476936594074,39.919447083655726],[-73.356228499922793,39.861983810581791],[-73.441105075112475,39.803449088215189],[-73.524106662163149,39.743842916555906],[-73.605233261074787,39.683165295603942],[-73.684484871847417,39.621416225359305],[-73.761861494481025,39.558595705822],[-73.83736312897561,39.494703736992015],[-73.910989775331188,39.429740318869364],[-73.98274143354773,39.363705451454031],[-74.052618103625264,39.296599134746025],[-74.120619785563761,39.228421368745344],[-74.186746479363237,39.159172153451976],[-74.25099818502369,39.088851488865942],[-74.313374902545149,39.01745937498724],[-74.373876631927573,38.944995811815858],[-74.43250337317096,38.871460799351794],[-74.489661964839144,38.797619071722259],[-74.545352406932125,38.723470628927231],[-74.599574699449875,38.649015470966731],[-74.652328842392393,38.574253597840737],[-74.703614835759709,38.499185009549265],[-74.753432679551821,38.423809706092314],[-74.801782373768688,38.348127687469876],[-74.848663918410352,38.272138953681953],[-74.894077313476785,38.195843504728558],[-74.938022558968029,38.119241340609669],[-74.980499654884028,38.042332461325302],[-75.021508601224824,37.965116866875448],[-75.061049397990388,37.887594557260115],[-75.099122045180764,37.80976553247929],[-75.135726542795894,37.731629792532992],[-75.170862890835821,37.653187337421208],[-75.204531089300531,37.574438167143938],[-75.236731138190009,37.495382281701197],[-75.267463037504285,37.416019681092962],[-75.29672678724333,37.336350365319248],[-75.324522387407171,37.256374334380048],[-75.350849837995796,37.176091588275369],[-75.375709139009189,37.095502127005197],[-75.399100290447379,37.014605950569553],[-75.421023292310338,36.933403058968423],[-75.441478144598108,36.851893452201807],[-75.460464847310632,36.770077130269712],[-75.47798340044794,36.687954093172138],[-75.49403380401003,36.605524340909071],[-75.508616057996917,36.522787873480532],[-75.521730162408574,36.439744690886499],[-75.533376117245027,36.356394793126995],[-75.54963490002585,36.272678803366766],[-75.570506510751059,36.188596721605826],[-75.595990949420653,36.104148547844169],[-75.626088216034645,36.019334282081793],[-75.660798310593009,35.934153924318707],[-75.700121233095757,35.848607474554896],[-75.74405698354289,35.762694932790382],[-75.792605561934394,35.676416299025149],[-75.845766968270297,35.589771573259199],[-75.903541202550585,35.502760755492531],[-75.965928264775258,35.415383845725152],[-76.032928154944301,35.327640843957063],[-76.104540873057744,35.239531750188249],[-76.180766419115557,35.151056564418717],[-76.261604793117769,35.062215286648474],[-76.347055995064366,34.973007916877513],[-76.437120024955334,34.883434455105835],[-76.531796882790701,34.793494901333446],[-76.631086568570439,34.703189255560339],[-76.734989082294561,34.612517517786515],[-76.843504423963083,34.521479688011979],[-76.956632593575961,34.430075766236726],[-77.074373591133238,34.338305752460755],[-77.1967274166349,34.246169646684073],[-77.323694070080933,34.153667448906674],[-77.455273551471379,34.060799159128557],[-77.591465860806181,33.967564777349729],[-77.732270998085369,33.873964303570183],[-77.877688963308955,33.77999773778992],[-78.027719756476927,33.685665080008945],[-78.182363377589269,33.590966330227253],[-78.34161982664601,33.495901488444837],[-78.496244853183299,33.402413730759349],[-78.646238457201164,33.310503057170791],[-78.791600638699592,33.220169467679149],[-78.932331397678581,33.131412962284429],[-79.068430734138147,33.044233540986625],[-79.199898648078261,32.95863120378575],[-79.326735139498965,32.87460595068179],[-79.448940208400217,32.792157781674753],[-79.566513854782045,32.711286696764638],[-79.679456078644421,32.631992695951446],[-79.787766879987373,32.554275779235176],[-79.891446258810902,32.478135946615829],[-79.990494215114978,32.403573198093397],[-80.084910748899617,32.330587533667895],[-80.174695860164832,32.259178953339308],[-80.259849548910623,32.189347457107644],[-80.340371815136962,32.121093044972909],[-80.416262658843877,32.054415716935083],[-80.48752208003134,31.989315472994186],[-80.554150078699394,31.925792313150218],[-80.616146654847995,31.863846237403163],[-80.673511808477159,31.803477245753029],[-80.726245539586898,31.744685338199815],[-80.774347848177186,31.687470514743527],[-80.81781873424805,31.631832775384161],[-80.856658197799476,31.577772120121711],[-80.890866238831478,31.52528854895619],[-80.920442857344057,31.474382061887589],[-80.945388053337183,31.425052658915906],[-80.965701826810871,31.377300340041145],[-80.981384177765136,31.331125105263311],[-80.992435106199949,31.286526954582396],[-81.002795351607602,31.241864542403988],[-81.012464913988069,31.197137868728085],[-81.021443793341362,31.152346933554686],[-81.029731989667482,31.107491736883798],[-81.037329502966415,31.062572278715415],[-81.044236333238189,31.017588559049535],[-81.050452480482775,30.972540577886168],[-81.055977944700189,30.927428335225308],[-81.060812725890429,30.882251831066952],[-81.064956824053482,30.837011065411101],[-81.068410239189362,30.791706038257757],[-81.071172971298083,30.746336749606922],[-81.073245020379602,30.70090319945859],[-81.074626386433962,30.655405387812767],[-81.075317069461136,30.609843314669451],[-81.075317069461136,30.564216980028647],[-81.074626386433962,30.518526383890347],[-81.073245020379602,30.472771526254547],[-81.071172971298083,30.426952407121256],[-81.068410239189362,30.381069026490476],[-81.064956824053482,30.335121384362196],[-81.060812725890429,30.289109480736428],[-81.055977944700189,30.243033315613165],[-81.050452480482775,30.196892888992405],[-81.044236333238189,30.150688200874157],[-81.037329502966415,30.104419251258413],[-81.029731989667482,30.058086040145174],[-81.021443793341362,30.011688567534442],[-81.012464913988069,29.965226833426222],[-81.002795351607602,29.918700837820502],[-80.992435106199949,29.87211058071729],[-80.981384177765136,29.825456062116587],[-80.969983368333686,29.780209839923472],[-80.958232677905599,29.736371914137948],[-80.946132106480889,29.693942284760013],[-80.933681654059569,29.652920951789667],[-80.920881320641598,29.613307915226912],[-80.907731106227018,29.575103175071746],[-80.894231010815801,29.538306731324163],[-80.880381034407961,29.502918583984176],[-80.866181177003497,29.468938733051772],[-80.851631438602396,29.436367178526964],[-80.836731819204687,29.405203920409743],[-80.821482318810325,29.375448958700112],[-80.805882937419355,29.347102293398073],[-80.789933675031762,29.320163924503621],[-80.773634531647531,29.294633852016759],[-80.756985507266648,29.270512075937489],[-80.739986601889171,29.247798596265806],[-80.722637815515071,29.226493413001709],[-80.704939148144319,29.206596526145205],[-80.686890599776959,29.188107935696294],[-80.668492170412961,29.171027641654966],[-80.649743860052354,29.155355644021228],[-80.630645668695095,29.141091942795082],[-80.611197596341228,29.128236537976527],[-80.591399642990723,29.116789429565557],[-80.571251808643581,29.106750617562181],[-80.55075409329983,29.098120101966391],[-80.529906496959455,29.09089788277819],[-80.508709019622444,29.085083959997576],[-80.487161661288809,29.080678333624551],[-80.465264421958551,29.077681003659116],[-80.443017301631642,29.076091970101281],[-80.421115599683532,29.071989548335239],[-80.399559316114193,29.065373738360996],[-80.378348450923653,29.056244540178557],[-80.35748300411187,29.044601953787925],[-80.336962975678873,29.030445979189093],[-80.316788365624646,29.013776616382067],[-80.296959173949205,28.994593865366841],[-80.277475400652548,28.972897726143415],[-80.258337045734663,28.948688198711796],[-80.239544109195549,28.921965283071977],[-80.22109659103522,28.892728979223961],[-80.202994491253676,28.860979287167751],[-80.185237809850889,28.826716206903342],[-80.167826546826902,28.789939738430729],[-80.150760702181685,28.750649881749922],[-80.134040275915254,28.708846636860919],[-80.117665268027594,28.664530003763719],[-80.101635678518704,28.617699982458319],[-80.085951507388614,28.568356572944722],[-80.070612754637281,28.516499775222933],[-80.055619420264748,28.462129589292942],[-80.040971504270971,28.405246015154745],[-80.026669006655993,28.345849052808354],[-80.012711927419772,28.283938702253771],[-79.999100266562337,28.219514963490983],[-79.985834024083701,28.152577836520003],[-79.972913199983822,28.083127321340825],[-79.960337794262728,28.011163417953451],[-79.948107806920419,27.936686126357877],[-79.936223237956867,27.859695446554106],[-79.924684087372114,27.780191378542142],[-79.913490355166161,27.698173922321971],[-79.903691453733273,27.616589655222903],[-79.895287383073466,27.535438577244939],[-79.888278143186753,27.454720688388065],[-79.882663734073134,27.37443598865228],[-79.878444155732595,27.294584478037603],[-79.87561940816515,27.215166156544022],[-79.874189491370799,27.136181024171535],[-79.874154405349515,27.057629080920151],[-79.875514150101338,26.97951032678986],[-79.878268725626256,26.901824761780667],[-79.882418131924254,26.824572385892573],[-79.887962368995332,26.747753199125576],[-79.894901436839504,26.671367201479676],[-79.903235335456785,26.595414392954872],[-79.912964064847145,26.519894773551165],[-79.924087625010586,26.444808343268559],[-79.93660601594712,26.370155102107049],[-79.950519237656749,26.295935050066632],[-79.965827290139458,26.222148187147319],[-79.982530173395247,26.148794513349099],[-80.000627887424145,26.075874028671976],[-80.020120432226136,26.003386733115953],[-80.041007807801208,25.931332626681026],[-80.063290014149345,25.859711709367197],[-80.086967051270591,25.788523981174468],[-80.112038919164945,25.717769442102835],[-80.138505617832365,25.647448092152295],[-80.166367147272879,25.57755993132286],[-80.195623507486488,25.508104959614517],[-80.226274698473176,25.439083177027271],[-80.258320720232959,25.370494583561126],[-80.29176157276585,25.302339179216069],[-80.325188696885846,25.236372514014391],[-80.358602092592946,25.172594587956084],[-80.392001759887165,25.111005401041155],[-80.425387698768503,25.051604953269596],[-80.45875990923696,24.994393244641408],[-80.492118391292536,24.939370275156584],[-80.525463144935244,24.886536044815141],[-80.558794170165072,24.835890553617077],[-80.592111466982004,24.787433801562376],[-80.625415035386055,24.741165788651045],[-80.658704875377225,24.69708651488309],[-80.6919809869555,24.655195980258508],[-80.725243370120893,24.615494184777297],[-80.758492024873419,24.577981128439461],[-80.791726951213064,24.542656811244992],[-80.824948149139829,24.509521233193897],[-80.858155618653711,24.478574394286174],[-80.891349359754713,24.449816294521824],[-80.924529372442834,24.423246933900845],[-80.957695656718045,24.398866312423234],[-80.990848212580403,24.376674430089],[-81.023987040029866,24.356671286898141],[-81.057112139066447,24.338856882850653],[-81.090223509690162,24.323231217946535],[-81.123321151900981,24.309794292185792],[-81.156405065698905,24.298546105568416],[-81.189475251083962,24.289486658094415],[-81.222531708056152,24.282615949763787],[-81.255574436615433,24.277933980576528],[-81.288603436761846,24.275440750532645],[-81.321618708495379,24.275136259632131],[-81.354620251816016,24.27702050787499],[-81.387607077751269,24.282924196900368],[-81.420579186301126,24.292847326708255],[-81.453536577465584,24.306789897298657],[-81.486479251244631,24.324751908671573],[-81.519407207638295,24.346733360827002],[-81.552320446646576,24.372734253764946],[-81.585218968269459,24.402754587485404],[-81.618102772506916,24.436794361988376],[-81.650971859359004,24.474853577273866],[-81.683826228825694,24.516932233341869],[-81.716665880906987,24.563030330192383],[-81.749490815602854,24.613147867825415],[-81.782301032913352,24.66728484624096],[-81.815096532838453,24.725441265439017],[-81.847877315378156,24.78761712541959],[-81.880643380532462,24.853812426182678],[-81.91339472830137,24.924027167728276],[-81.94613135868488,24.998261350056396],[-81.978853271682993,25.076514973167026],[-82.011560467295737,25.15878803706017],[-82.044252945523056,25.245080541735824],[-82.07693070636499,25.335392487193996],[-82.109593749821528,25.429723873434682],[-82.142242075892653,25.528074700457886],[-82.174875684578396,25.6304449682636],[-82.207494575878755,25.736834676851828],[-82.240098749793702,25.847243826222574],[-82.272688206323238,25.96167241637583],[-82.305262945467405,26.0801204473116],[-82.33782296722616,26.202587919029888],[-82.370368271599517,26.329074831530686],[-82.402898858587491,26.459581184814002],[-82.435081948007223,26.586773014955313],[-82.466917539858741,26.710650321954613],[-82.498405634142046,26.831213105811909],[-82.529546230857108,26.948461366527198],[-82.560339330003956,27.062395104100482],[-82.590784931582562,27.173014318531759],[-82.620883035592954,27.280319009821032],[-82.650633642035132,27.384309177968298],[-82.680036750909082,27.484984822973558],[-82.709092362214804,27.582345944836813],[-82.737800475952298,27.676392543558059],[-82.766161092121564,27.767124619137299],[-82.794174210722602,27.854542171574536],[-82.821839831755426,27.938645200869765],[-82.849157955220022,28.019433707022987],[-82.87612858111639,28.096907690034211],[-82.902751709444544,28.171067149903422],[-82.92902734020447,28.241912086630627],[-82.954955473396154,28.309442500215827],[-82.980536109019639,28.373658390659021],[-83.00576924707488,28.434559757960209],[-83.030654887561894,28.492146602119391],[-83.055193030480694,28.546418923136567],[-83.079383675831281,28.597376721011734],[-83.103226823613625,28.645019995744899],[-83.126722473827741,28.689348747336059],[-83.149870626473643,28.730362975785212],[-83.172671281551317,28.768062681092356],[-83.195124439060763,28.802447863257498],[-83.217230099001995,28.833518522280631],[-83.238988261374999,28.861274658161758],[-83.260398926179761,28.885716270900879],[-83.283103496092082,28.909473330863925],[-83.307101971111919,28.932545838050888],[-83.332394351239287,28.954933792461773],[-83.3589806364742,28.976637194096575],[-83.38686082681663,28.997656042955306],[-83.416034922266604,29.017990339037951],[-83.446502922824095,29.03764008234452],[-83.478264828489131,29.056605272875011],[-83.511320639261683,29.074885910629419],[-83.54567035514178,29.092481995607752],[-83.581313976129422,29.109393527810003],[-83.618251502224581,29.125620507236174],[-83.656482933427284,29.141162933886267],[-83.696008269737519,29.156020807760282],[-83.736827511155269,29.170194128858217],[-83.778940657680565,29.183682897180073],[-83.822347709313391,29.196487112725851],[-83.867048666053734,29.20860677549555],[-83.913043527901635,29.22004188548917],[-83.960332294857054,29.230792442706711],[-84.008914966920003,29.240858447148174],[-84.058791544090496,29.250239898813554],[-84.109962026368521,29.258936797702859],[-84.162426413754076,29.266949143816085],[-84.216184706247162,29.274276937153228],[-84.271236903847779,29.280920177714293],[-84.327583006555926,29.286878865499283],[-84.385223014371604,29.29215300050819],[-84.444156927294813,29.296742582741018],[-84.504384745325552,29.300647612197771],[-84.565906468463837,29.303868088878442],[-84.628722096709666,29.306404012783034],[-84.689895137240683,29.309593526796021],[-84.74942559005693,29.313436630917408],[-84.807313455158379,29.317933325147191],[-84.863558732545073,29.323083609485369],[-84.918161422216969,29.328887483931943],[-84.971121524174066,29.33534494848692],[-85.022439038416408,29.342456003150289],[-85.072113964943952,29.350220647922058],[-85.120146303756727,29.358638882802225],[-85.166536054854689,29.367710707790778],[-85.211283218237895,29.377436122887737],[-85.254387793906304,29.387815128093088],[-85.295849781859943,29.398847723406838],[-85.335669182098769,29.410533908828988],[-85.37384599462284,29.42287368435953],[-85.410380219432128,29.435867049998471],[-85.445271856526631,29.449514005745812],[-85.478520905906336,29.463814551601544],[-85.510127367571272,29.478768687565676],[-85.540091241521409,29.4943764136382],[-85.568412527756777,29.510637729819127],[-85.595091226277361,29.527552636108446],[-85.620127337083147,29.545121132506164],[-85.643520860174192,29.563343219012285],[-85.66527179555041,29.582218895626795],[-85.685380143211859,29.601748162349704],[-85.703845903158538,29.621931019181009],[-85.72066907539039,29.642767466120709],[-85.735849659907501,29.664257503168809],[-85.749387656709814,29.686401130325304],[-85.761283065797343,29.709198347590196],[-85.771535887170103,29.732649154963486],[-85.784408671054578,29.755424297826281],[-85.799901417450798,29.777523776178576],[-85.818014126358733,29.798947590020379],[-85.838746797778398,29.819695739351687],[-85.862099431709794,29.839768224172495],[-85.888072028152919,29.859165044482811],[-85.916664587107775,29.877886200282632],[-85.94787710857436,29.895931691571953],[-85.981709592552676,29.913301518350785],[-86.018162039042721,29.929995680619115],[-86.057234448044497,29.946014178376949],[-86.098926819558002,29.961357011624294],[-86.143239153583238,29.976024180361136],[-86.190171450120204,29.990015684587483],[-86.239723709168899,30.003331524303341],[-86.291895930729325,30.015971699508697],[-86.346688114801481,30.02793621020356],[-86.404100261385366,30.039225056387927],[-86.464132370480982,30.049838238061795],[-86.526784442088328,30.059775755225171],[-86.592056476207404,30.069037607878052],[-86.659948472838195,30.077623796020433],[-86.730460431980731,30.085534319652321],[-86.803592353634997,30.092769178773715],[-86.879344237800979,30.099328373384608],[-86.957716084478704,30.10521190348501],[-87.038707893668146,30.110419769074916],[-87.122319665369318,30.11495197015433],[-87.208551399582234,30.118808506723244],[-87.297403096306866,30.121989378781663],[-87.388874755543227,30.124494586329583],[-87.482966377291334,30.12632412936701],[-87.574858880988458,30.12701347011269],[-87.664552266634601,30.126562608566623],[-87.752046534229791,30.124971544728812],[-87.837341683774,30.122240278599246],[-87.920437715267241,30.118368810177941],[-88.0013346287095,30.113357139464885],[-88.080032424100793,30.107205266460085],[-88.156531101441118,30.099913191163537],[-88.230830660730462,30.091480913575246],[-88.302931101968838,30.081908433695205],[-88.372832425156247,30.071195751523415],[-88.440534630292703,30.059342867059883],[-88.506037717378177,30.046349780304602],[-88.569341686412656,30.032216491257575],[-88.630446537396168,30.0169429999188],[-88.689352270328726,30.000529306288282],[-88.746058885210289,29.982975410366013],[-88.800566382040884,29.964281312152],[-88.852874760820526,29.94444701164624],[-88.902984021549202,29.923472508848732],[-88.950894164226895,29.901357803759478],[-88.996605188853607,29.878102896378476],[-89.040117095429352,29.85370778670573],[-89.081429883954129,29.828172474741233],[-89.12054355442794,29.801496960484993],[-89.157458106850768,29.773681243937009],[-89.19217354122263,29.744725325097274],[-89.224689857543524,29.714629203965789],[-89.255007055813437,29.683392880542563],[-89.283125136032368,29.65101635482759],[-89.309044098200332,29.617499626820869],[-89.332763942317342,29.582842696522402],[-89.360329664488631,29.549561813417252],[-89.391741264714241,29.517656977505425],[-89.426998742994158,29.487128188786915],[-89.466102099328339,29.457975447261724],[-89.509051333716855,29.430198752929854],[-89.555846446159677,29.403798105791303],[-89.606487436656806,29.37877350584607],[-89.660974305208214,29.355124953094158],[-89.719307051813928,29.332852447535565],[-89.781485676473949,29.311955989170286],[-89.847510179188276,29.292435577998333],[-89.917380559956911,29.274291214019698],[-89.991096818779823,29.257522897234384],[-90.068658955657042,29.242130627642389],[-90.150066970588583,29.228114405243709],[-90.235320863574429,29.215474230038353],[-90.324420634614569,29.204210102026316],[-90.417366283709001,29.19432202120759],[-90.514157810857739,29.185809987582193],[-90.61479521606077,29.178674001150114],[-90.719278499318122,29.172914061911356],[-90.827607660629781,29.168530169865914],[-90.939782699995732,29.165522325013789],[-91.055803617415975,29.163890527354987],[-91.175670412890526,29.163634776889506],[-91.299383086419397,29.164755073617343],[-91.42694163800256,29.167251417538495],[-91.558346067640016,29.171123808652965],[-91.693596375331794,29.176372246960756],[-91.832692561077849,29.18299673246187],[-91.975634624878211,29.190997265156305],[-92.122422566732894,29.200373845044055],[-92.267255457062447,29.20789242034736],[-92.410133295866856,29.213552991066216],[-92.551056083146136,29.217355557200619],[-92.690023818900286,29.219300118750581],[-92.827036503129307,29.219386675716091],[-92.96209413583324,29.217615228097152],[-93.095196717012016,29.213985775893768],[-93.226344246665661,29.208498319105935],[-93.355536724794177,29.201152857733653],[-93.482774151397578,29.191949391776923],[-93.608056526475835,29.180887921235744],[-93.731383850028976,29.167968446110116],[-93.852756122056988,29.153190966400039],[-93.972173342559856,29.136555482105514],[-94.089635511537608,29.11806199322654],[-94.205142628990245,29.097710499763117],[-94.318694694917738,29.075501001715246],[-94.43029170932013,29.051433499082929],[-94.539933672197364,29.025507991866164],[-94.647620583549482,28.997724480064946],[-94.753352443376485,28.968082963679286],[-94.85712925167833,28.936583442709175],[-94.958951008455074,28.903225917154614],[-95.058817713706674,28.868010387015616],[-95.156729367433144,28.830936852292162],[-95.252685969634513,28.792005312984251],[-95.346687520310724,28.7512157690919],[-95.438734019461833,28.708568220615106],[-95.528825467087799,28.664062667553857],[-95.616961863188635,28.617699109908152],[-95.703143207764342,28.569477547678009],[-95.787369500814933,28.519397980863417],[-95.869300888647516,28.469073854223886],[-95.948937371262105,28.418505167759413],[-96.026278948658685,28.367691921469998],[-96.101325620837258,28.31663411535564],[-96.174077387797837,28.265331749416347],[-96.244534249540422,28.213784823652116],[-96.312696206064999,28.161993338062942],[-96.378563257371553,28.109957292648829],[-96.442135403460128,28.057676687409778],[-96.503412644330695,28.005151522345784],[-96.562394979983253,27.952381797456848],[-96.619082410417832,27.899367512742973],[-96.673474935634388,27.84610866820416],[-96.725572555632937,27.792605263840407],[-96.775375270413491,27.738857299651713],[-96.822883079976037,27.684864775638083],[-96.868095984320576,27.630627691799511],[-96.911013983447134,27.576146048135989],[-96.951637077355684,27.521419844647536],[-96.989965266046227,27.46644908133414],[-97.025998549518761,27.411233758195806],[-97.059736927773315,27.355773875232533],[-97.091180400809847,27.300069432444321],[-97.120328968628399,27.24412042983117],[-97.147182631228929,27.187926867393074],[-97.171741388611451,27.131488745130046],[-97.194005240775994,27.074806063042072],[-97.213974187722528,27.017878821129152],[-97.231648229451054,26.9607070193913],[-97.247027365961571,26.903290657828506],[-97.260111597254081,26.84562973644077],[-97.270900923328597,26.787724255228099],[-97.28298357924686,26.732172006369428],[-97.296359565008885,26.678972989864761],[-97.311028880614671,26.628127205714097],[-97.326991526064219,26.579634653917434],[-97.344247501357529,26.533495334474775],[-97.362796806494572,26.48970924738612],[-97.382639441475391,26.448276392651465],[-97.403775406299985,26.40919677027081],[-97.426204700968313,26.37247038024416],[-97.449927325480388,26.338097222571516],[-97.474943279836225,26.306077297252877],[-97.501252564035838,26.276410604288234],[-97.528855178079198,26.249097143677599],[-97.557751121966305,26.224136915420964],[-97.587940395697174,26.201529919518332],[-97.619422999271791,26.181276155969705],[-97.652198932690183,26.163375624775078],[-97.686268195952309,26.147828325934455],[-97.721630789058196,26.134634259447836],[-97.758286712007859,26.12379342531522],[-97.796235964801269,26.115305823536602],[-97.835478547438413,26.109171454111994],[-97.876014459919347,26.105390317041383],[-97.917843702244028,26.103962412324776],[-97.960966274412456,26.104887739962173],[-98.005382176424646,26.108166299953574],[-98.051091408280598,26.113798092298978],[-98.098093969980297,26.121783116998387],[-98.146389861523758,26.132121374051792],[-98.195979082910981,26.144812863459201],[-98.246861634141965,26.159857585220614],[-98.299037515216682,26.177255539336038],[-98.351802243193248,26.197328219784637],[-98.405155818071663,26.220075626566427],[-98.459098239851912,26.245497759681399],[-98.513629508533995,26.273594619129554],[-98.568749624117928,26.304366204910899],[-98.624458586603694,26.337812517025419],[-98.680756395991295,26.373933555473137],[-98.73764305228076,26.412729320254037],[-98.795118555472044,26.45419981136812],[-98.853182905565163,26.498345028815393],[-98.91183610256013,26.545164972595845],[-98.971078146456932,26.59465964270948],[-99.030909037255569,26.646829039156302],[-99.091328774956054,26.701673161936316],[-99.152337359558373,26.759192011049514],[-99.213934791062528,26.819385586495891],[-99.27612106946853,26.882253888275457],[-99.338896194776368,26.947796916388214],[-99.402260166986053,27.016014670834146],[-99.466212986097574,27.086907151613268],[-99.530754652110943,27.160474358725576],[-99.595885165026118,27.236716292171067],[-99.66160452484317,27.315632951949741],[-99.727912731562043,27.397224338061601],[-99.79480978518275,27.481490450506648],[-99.862295685705305,27.568431289284881],[-99.93037043312971,27.6580468543963],[-99.999034027455949,27.750337145840902],[-100.068286468684022,27.84530216361869],[-100.138127756813944,27.942941907729665],[-100.2085578918457,28.043256378173822],[-100.279576873779291,28.146245574951166],[-100.350209856033331,28.245292282104487],[-100.420456838607777,28.340396499633783],[-100.490317821502671,28.431558227539057],[-100.559792804718029,28.518777465820307],[-100.628881788253793,28.602054214477533],[-100.697584772109977,28.681388473510737],[-100.76590175628661,28.756780242919916],[-100.833832740783691,28.828229522705072],[-100.901377725601193,28.895736312866205],[-100.96853671073913,28.959300613403315],[-101.035309696197515,29.018922424316401],[-101.101696681976321,29.074601745605463],[-101.167697668075562,29.126338577270502],[-101.233312654495251,29.174132919311518],[-101.298541641235346,29.21798477172851],[-101.363384628295904,29.257894134521479],[-101.427841615676869,29.293861007690424],[-101.491912603378296,29.325885391235346],[-101.555597591400144,29.353967285156244],[-101.618896579742426,29.378106689453119],[-101.681809568405157,29.398303604125971],[-101.744336557388309,29.414558029174799],[-101.806477546691895,29.426869964599604],[-101.868232536315929,29.435239410400385],[-101.929601526260385,29.439666366577143],[-101.99058451652526,29.440150833129877],[-102.051181507110584,29.436692810058588],[-102.111392498016372,29.429292297363276],[-102.171217489242565,29.41794929504394],[-102.230656480789179,29.40266380310058],[-102.289709472656256,29.383435821533197],[-102.348376464843753,29.360265350341791],[-102.408323097229015,29.340521383285516],[-102.469549369812029,29.324203920364376],[-102.532055282592779,29.311312961578366],[-102.595840835571295,29.301848506927481],[-102.660906028747576,29.295810556411734],[-102.727250862121593,29.293199110031118],[-102.794875335693362,29.294014167785637],[-102.863779449462896,29.29825572967529],[-102.933963203430181,29.305923795700071],[-103.005426597595203,29.317018365859983],[-103.078169631957991,29.331539440155026],[-103.152192306518543,29.349487018585201],[-103.227494621276847,29.37086110115051],[-103.304076576232902,29.395661687850946],[-103.381938171386707,29.423888778686518],[-103.461079406738264,29.455542373657224],[-103.541500282287586,29.490622472763057],[-103.623200798034645,29.529129076004022],[-103.706180953979469,29.571062183380121],[-103.790440750122059,29.616421794891352],[-103.875980186462385,29.665207910537713],[-103.962799263000477,29.71742053031921],[-104.05089797973632,29.773059654235837],[-104.140276336669913,29.832125282287592],[-104.230934333801258,29.894617414474482],[-104.322871971130354,29.960536050796506],[-104.416089248657215,30.029881191253658],[-104.510586166381813,30.102652835845944],[-104.606362724304176,30.178850984573362],[-104.703418922424305,30.258475637435911],[-104.80175476074217,30.341526794433591],[-104.901370239257801,30.428004455566402],[-105.002361583709714,30.511345911025998],[-105.104728794097895,30.591551160812372],[-105.208471870422358,30.668620204925531],[-105.313590812683088,30.742553043365476],[-105.420085620880116,30.813349676132198],[-105.527956295013411,30.881010103225705],[-105.637202835083002,30.945534324645994],[-105.747825241088862,31.006922340393064],[-105.859823513030989,31.065174150466916],[-105.973197650909412,31.120289754867549],[-106.087947654724104,31.172269153594968],[-106.204073524475092,31.221112346649164],[-106.321575260162348,31.266819334030146],[-106.440452861785886,31.309390115737912],[-106.560706329345692,31.348824691772457],[-106.68233566284178,31.385123062133786],[-106.805340862274164,31.418285226821897],[-106.929721927642817,31.44831118583679],[-107.055478858947737,31.475200939178464],[-107.182611656188953,31.49895448684692],[-107.311120319366452,31.51957182884216],[-107.441004848480219,31.537052965164186],[-107.572265243530268,31.55139789581299],[-107.704901504516599,31.562606620788575],[-107.838913631439198,31.570679140090945],[-107.974301624298079,31.575615453720097],[-108.111065483093256,31.577415561676027],[-108.249205207824701,31.576079463958742],[-108.388720798492415,31.571607160568242],[-108.529612255096424,31.563998651504519],[-108.671879577636716,31.553253936767579],[-108.815522766113276,31.539373016357423],[-108.958273553848272,31.527284383773804],[-109.100131940841663,31.516988039016724],[-109.241097927093492,31.508483982086183],[-109.381171512603771,31.501772212982178],[-109.520352697372445,31.496852731704713],[-109.658641481399528,31.493725538253788],[-109.796037864685047,31.492390632629398],[-109.932541847229004,31.492848014831548],[-110.068153429031369,31.495097684860234],[-110.202872610092157,31.499139642715459],[-110.336699390411383,31.50497388839722],[-110.469633769989017,31.512600421905518],[-110.601675748825073,31.522019243240358],[-110.732825326919567,31.533230352401731],[-110.863082504272455,31.546233749389646],[-110.992447280883795,31.561029434204102],[-111.120919656753529,31.577617406845093],[-111.248499631881714,31.59599766731262],[-111.375187206268308,31.616170215606687],[-111.500982379913324,31.638135051727289],[-111.625885152816778,31.661892175674435],[-111.749895524978641,31.68744158744812],[-111.873013496398926,31.714783287048341],[-111.995239067077648,31.743917274475098],[-112.116572237014779,31.774843549728395],[-112.237013006210319,31.807562112808231],[-112.356561374664295,31.8420729637146],[-112.475217342376723,31.878376102447508],[-112.592980909347546,31.916471529006955],[-112.709852075576777,31.956359243392946],[-112.825830841064459,31.998039245605469],[-112.94091720581055,32.041511535644531],[-113.056262971883001,32.083351125781],[-113.171868139281813,32.123558016014869],[-113.287732708006956,32.162132206346143],[-113.403856678058446,32.199073696774832],[-113.520240049436296,32.23438248730092],[-113.636882822140507,32.268058577924407],[-113.753784996171078,32.300101968645301],[-113.870946571527995,32.330512659463601],[-113.988367548211258,32.359290650379307],[-114.106047926220867,32.386435941392421],[-114.223987705556823,32.411948532502933],[-114.342186886219153,32.435828423710845],[-114.460645468207829,32.45807561501617],[-114.57936345152288,32.478690106418902],[-114.698340836164249,32.497671897919034],[-114.817577622131992,32.515020989516557],[-114.937073809426082,32.530737381211502],[-115.056829398046517,32.544821073003845],[-115.176844387993299,32.557272064893603],[-115.297118779266455,32.568090356880752],[-115.417652571865958,32.577275948965315],[-115.538445765791792,32.584828841147285],[-115.659498361044001,32.590749033426654],[-115.780810357622556,32.59503652580343],[-115.902381755527458,32.597691318277612],[-116.024212554758734,32.598713410849193],[-116.146302755316341,32.598102803518181],[-116.268652357200295,32.595859496284575],[-116.391261360410624,32.591983489148369],[-116.514129764947285,32.586474782109576],[-116.637257570810306,32.579333375168183]]]}}
]
}
